survey_id,p01,p02,p03,p04,p05,p06,p07,p08,p09,p10,hardship,contact,t01,t02,t03,t04,t05,f01,f02,f03,f04,f05,f06,f07,f08,f09,f10,f11,f12,f13,city_name
R_eqvaSnwkUPEwKz3,1,1,7,7,7,7,1,1,1,1,1,2,7,7,7,7,7,7,7,7,7,7,7,7,7,7,7,7,7,7,Merton
R_50zNvLsNRxFctxj,1,1,1,7,7,7,1,1,1,7,7,7,7,7,7,7,7,7,7,7,7,7,7,7,7,7,7,6,7,7,Wakefield
R_3env6Rl1UGW2m4R,2,6,3,2,5,1,7,7,6,5,5,2,4,2,1,7,4,4,3,3,7,4,3,4,4,2,2,5,1,4,Snake's Canyon
R_ekUQoN4swTW1yFD,1,1,7,7,7,4,4,3,4,6,1,1,6,2,2,3,6,5,2,2,3,2,3,2,3,3,2,5,2,3,Wakefield
R_bOZJK1TfWhRdCoB,1,1,7,7,7,7,1,1,2,1,2,1,7,7,7,7,7,7,7,7,7,7,7,7,7,7,7,7,7,7,Snake's Canyon
R_0ceqWwHTFkDgdgh,1,1,7,7,7,4,4,4,4,4,1,1,6,6,4,2,6,6,6,4,6,4,6,4,1,1,4,6,4,4,Snake's Canyon
R_9FXJesR9vTk2v9r,1,1,7,7,7,7,1,1,1,1,4,1,7,7,7,7,7,7,7,7,7,7,7,7,7,7,7,7,7,7,Wakefield
R_6XteSVu0HloWoFT,1,1,7,7,7,6,6,3,6,3,5,1,7,1,7,7,4,4,7,6,7,4,4,4,4,4,4,7,4,7,Snake's Canyon
R_42VinyQNyFUVkPj,3,2,3,4,1,2,2,1,2,3,4,4,6,6,5,5,6,6,6,6,5,6,7,7,6,4,6,6,5,5,Merton
R_0DF4ls1xRj5xpKB,1,2,4,4,7,5,4,6,4,2,2,1,7,3,2,5,6,4,4,4,4,4,4,4,4,4,4,4,4,4,Snake's Canyon
R_3KsexqBETt7MxIp,1,4,1,7,7,1,7,7,7,7,4,1,7,4,6,5,7,4,7,4,7,6,6,4,4,4,5,7,4,5,Wakefield
R_ahmz8tBKKnH9o7X,1,1,7,7,7,7,1,1,1,1,1,2,5,4,5,6,5,4,5,7,4,4,4,4,4,4,4,7,4,4,Snake's Canyon
R_ehSR06WTpWqLv0N,1,1,7,7,7,7,3,1,2,1,1,2,7,7,7,7,7,7,7,7,7,7,7,7,7,6,7,7,7,7,Wakefield
R_0Ca4dkXRUibI4zX,6,2,6,2,3,6,6,6,6,6,7,3,5,1,1,1,2,4,5,4,5,4,5,5,4,2,4,5,2,2,Merton
R_b9oVgKPyeUCMs29,2,6,6,6,6,6,3,3,3,2,2,2,4,5,5,5,5,5,5,5,5,4,5,4,5,5,5,6,5,5,Merton
R_42YYs71N42fjvGl,2,1,5,6,7,4,3,2,3,2,1,1,7,7,6,6,4,6,7,6,6,5,7,6,5,6,4,6,4,7,Wakefield
R_4ZtZ5xTXm2ButA9,1,1,7,7,7,5,3,2,2,1,1,1,7,6,6,6,6,6,6,6,6,6,6,5,6,6,5,6,7,5,Wakefield
R_7973uT3ayU8g7nD,7,7,4,2,6,1,7,4,7,7,1,1,1,1,1,1,1,1,1,1,1,1,1,1,1,1,1,1,1,1,Snake's Canyon
R_a44PZRccGLwPGvz,2,2,5,6,7,4,6,4,6,5,2,1,7,6,4,6,6,6,6,7,6,7,6,6,5,6,6,7,6,6,Wakefield
R_2aGW20PUc3ZcqR7,1,1,7,7,7,7,1,1,1,1,2,1,7,6,4,1,6,6,5,3,4,1,3,4,4,1,4,3,4,2,Wakefield
R_3q8frUaJqvFcwLz,1,1,7,6,7,5,4,2,2,4,1,3,7,7,7,4,7,7,6,3,6,7,7,3,4,4,5,7,7,7,Snake's Canyon
R_9QxZ8jyrUMDqvA1,1,2,7,7,7,5,5,3,5,2,2,1,6,6,6,6,6,5,6,4,5,4,5,4,4,6,4,6,4,6,Wakefield
R_1MpT5RGSfePXPSt,1,4,7,7,7,4,4,4,4,4,1,1,7,4,7,4,7,4,7,4,7,4,7,4,4,7,4,7,4,4,Merton
R_0p3ppdVnTZbNaqp,2,2,6,6,7,5,4,4,5,4,2,1,6,6,5,6,6,5,6,6,6,6,6,5,6,5,5,6,5,6,Merton
R_2afuDr8p24pmpPT,1,1,6,7,5,5,3,4,5,3,6,1,7,4,4,3,6,5,6,6,6,5,6,5,6,5,6,5,6,6,Snake's Canyon
R_08ptB3gmZgCsVI9,1,1,6,7,7,5,4,3,4,3,1,1,7,7,7,6,7,7,7,4,7,4,7,4,4,4,4,7,4,7,Snake's Canyon
R_8uoXmNLngytfnut,1,1,7,7,7,7,1,1,1,1,5,2,7,7,7,6,6,6,6,7,6,7,7,7,6,6,6,7,7,6,Merton
R_eSgClPtT0qZu7Wd,7,7,1,7,1,1,7,7,1,1,5,1,7,7,6,7,7,5,6,7,7,5,6,5,5,5,5,5,5,5,Wakefield
R_2tSRp9bgPTS7usd,7,1,7,7,7,7,7,1,7,1,5,1,7,2,1,2,5,3,1,1,1,1,1,1,1,7,1,3,1,1,Wakefield
R_8ppdnxm3OZa1xVb,1,1,7,7,7,5,4,2,3,4,1,1,7,7,7,6,7,4,4,4,5,4,4,4,4,4,4,4,4,4,Snake's Canyon
R_czFORnQ9iB3fw7b,6,2,6,2,5,1,7,7,7,4,2,2,5,4,5,2,5,5,4,5,6,5,6,4,6,4,3,4,2,3,Snake's Canyon
R_8H4YKKJV4wgFUdn,2,3,7,6,7,4,3,2,4,5,2,2,6,5,5,5,5,5,5,6,6,4,6,4,4,4,4,6,4,4,Wakefield
R_eA8mePlxCEREDDT,1,3,4,7,7,1,7,3,7,7,6,1,6,7,6,4,6,4,5,3,6,3,5,2,3,4,1,5,6,2,Merton
R_aguCe31PfmCSPT7,2,6,2,2,1,3,6,6,5,7,2,3,6,5,5,3,6,4,6,5,4,7,5,5,3,4,5,2,6,4,Wakefield
R_1NOwtLtBXBYnHgx,4,2,4,5,7,4,5,4,4,4,2,1,5,5,5,5,5,5,5,5,5,5,5,5,5,5,5,5,5,5,Wakefield
R_9RdfgC1Z1N2J6g5,2,2,6,6,6,5,3,3,3,3,4,2,5,4,4,4,5,4,4,4,4,4,4,4,4,4,4,4,4,4,Snake's Canyon
R_38JiiPeuBjlu4VT,1,1,7,7,7,5,6,4,7,2,2,2,7,6,6,6,7,4,7,7,7,7,7,7,4,5,4,5,6,7,Merton
R_eRT0QeQwYfZA6Xz,2,3,7,7,7,2,6,5,6,6,3,3,7,6,7,2,5,7,7,7,7,7,7,6,3,6,6,7,6,7,Snake's Canyon
R_8J5MHkVy8XFhbLv,1,1,5,5,5,4,4,3,4,4,1,1,6,4,6,6,6,6,4,5,5,4,4,4,4,4,4,6,6,5,Wakefield
R_bD9qdbZSsIavJXL,1,1,7,7,7,6,3,3,2,4,1,2,7,7,7,6,7,6,7,5,7,6,7,5,5,5,5,5,4,5,Merton
R_a47wUHxGAuot1qJ,1,1,7,7,7,7,1,1,1,1,3,3,7,7,7,7,7,7,7,7,7,7,7,7,7,7,7,7,7,7,Wakefield
R_0w8MqYSDzcLXFk1,1,1,7,7,7,1,7,7,4,4,4,1,7,3,7,4,3,5,6,5,4,5,4,4,4,6,4,4,4,6,Wakefield
R_38koPjUixZzh0Fv,7,4,2,1,1,1,1,7,3,2,4,1,7,6,6,7,7,4,7,7,7,7,5,5,7,4,7,7,7,7,Wakefield
R_8Gj8wdKdKJFu2u9,5,4,4,4,4,5,4,4,4,4,6,5,6,6,6,6,5,5,6,5,6,6,6,5,5,6,6,6,5,5,Merton
R_bKt4gf4ktiWy7nn,1,2,6,7,7,6,3,3,3,1,4,4,6,4,4,2,2,4,5,4,5,4,4,4,4,4,4,3,4,2,Wakefield
R_6M2YKn0ypBBnGPr,7,1,1,1,4,1,7,7,7,7,1,1,4,4,4,4,4,4,4,4,4,4,4,4,4,4,4,4,4,4,Snake's Canyon
R_9EJIasNz5XcHvBr,1,2,7,7,7,6,3,3,2,1,1,1,7,7,7,7,7,6,7,6,7,6,6,6,7,6,6,5,6,6,Snake's Canyon
R_cSlruGywJvP2fQ1,1,2,6,7,7,6,2,2,3,2,3,2,6,6,5,6,5,5,5,5,5,5,5,5,4,4,5,5,5,5,Snake's Canyon
R_cwNghMquznMPK9D,2,1,6,6,6,4,4,3,4,4,2,1,7,6,5,5,5,3,2,2,7,4,2,2,5,2,6,6,2,2,Wakefield
R_cCFOUyVPUCLUHQx,1,1,5,1,1,7,7,4,4,4,6,1,6,3,3,3,6,5,6,4,4,4,4,6,4,4,4,6,4,4,Wakefield
R_4G6JlXmVzkq49ox,1,1,6,7,7,7,1,1,2,1,7,7,7,7,7,7,6,7,7,6,6,6,7,7,7,7,6,6,6,7,Merton
R_a5XS6Db0Mlss83X,1,4,4,6,6,4,4,4,6,4,2,3,7,4,7,5,4,2,4,4,4,4,4,4,4,4,4,3,4,4,Merton
R_6QBo7SzN8p50qhv,1,1,5,7,7,5,4,4,4,2,1,1,6,6,5,3,3,4,6,4,5,4,4,4,4,4,4,5,4,5,Wakefield
R_bjG79vbemIWt0j3,7,4,6,7,7,5,3,4,4,4,2,1,6,6,6,5,6,6,6,6,6,6,7,6,6,6,5,6,6,6,Snake's Canyon
R_cHlH7XkaGl0QTdj,1,3,3,7,7,4,6,5,7,4,4,1,7,3,3,3,3,4,5,4,4,4,4,4,4,4,4,4,4,4,Merton
R_6EZCIKcXiyzWlg1,1,1,7,7,7,5,2,1,3,1,1,1,7,7,7,7,7,7,7,7,7,7,7,7,7,7,7,7,7,7,Wakefield
R_2sMp1eiMIFw47mB,1,1,7,7,7,1,7,7,4,4,2,1,7,7,6,6,7,7,7,6,4,4,6,4,4,4,4,6,4,4,Snake's Canyon
R_becyZz8dMrCUjpX,2,2,4,7,7,4,4,3,7,4,2,1,7,7,7,6,7,7,7,6,7,5,6,7,4,6,7,7,6,7,Snake's Canyon
R_0obrjwH303ss09D,1,1,7,7,7,7,6,1,1,4,6,2,4,3,5,1,2,2,4,4,6,3,3,4,3,3,3,3,1,2,Snake's Canyon
R_cu8oj6wXuwjGFQV,1,1,7,7,7,7,7,1,1,1,1,2,7,7,7,7,7,7,7,6,7,7,7,7,7,7,7,7,7,7,Snake's Canyon
R_5gJXP5wyiEYsJSJ,1,1,7,7,7,7,1,1,1,1,2,3,6,5,6,5,6,6,6,6,6,6,5,6,6,4,6,6,5,6,Merton
R_0kPRBQiNpoOs84Z,1,1,7,7,7,1,3,5,7,3,1,2,7,2,5,4,3,5,7,7,7,4,7,4,1,6,1,6,3,2,Wakefield
R_8AFf7FAcnepU6H3,1,7,7,7,7,7,7,7,7,7,1,1,7,7,6,5,6,4,4,4,4,4,6,4,4,4,4,4,4,4,Wakefield
R_6rRLptjHISkztwV,1,1,7,7,7,7,1,1,1,1,1,3,6,7,7,6,7,7,7,7,7,6,6,6,6,6,6,7,6,7,Snake's Canyon
R_bpfifyYkiUsJVDD,6,3,2,1,7,5,7,6,6,4,7,1,1,1,7,1,7,1,1,1,7,1,7,7,5,7,7,1,1,1,Merton
R_4OyERXvDL74ddop,4,4,5,3,6,3,6,7,5,4,1,1,5,1,1,1,5,5,4,4,4,4,5,4,4,3,4,5,4,4,Merton
R_1HQfRGd0nVWwADj,1,3,6,3,7,5,4,4,5,3,7,2,7,3,6,3,3,4,4,4,4,3,4,5,3,1,4,4,5,4,Wakefield
R_bvYi8stJiE1xbcV,1,1,7,7,7,6,2,1,1,1,6,1,7,7,7,7,5,5,6,6,6,6,6,4,6,6,6,6,6,6,Snake's Canyon
R_d6XPeEDlLZPUT1H,1,1,4,7,7,4,4,4,4,4,3,1,7,6,7,4,4,5,4,4,4,4,4,4,4,4,4,6,4,4,Snake's Canyon
R_1XJ4gFwuxUQJnVj,1,1,7,7,7,5,6,3,5,3,1,1,7,5,6,5,5,6,7,7,6,7,7,7,6,6,6,6,6,6,Merton
R_bfHvHHZn8FsPUVv,4,4,4,4,4,4,4,4,4,4,7,1,4,4,4,4,4,4,4,4,4,4,4,4,4,4,4,4,4,4,Snake's Canyon
R_ebKHaTJXjbMrHrn,1,3,7,7,7,7,1,6,1,6,5,1,7,4,6,7,5,7,4,6,6,5,6,6,7,5,6,6,3,1,Merton
R_6kQFL74VpkzT06F,1,1,7,7,7,6,2,1,1,1,1,1,7,7,7,7,7,6,7,6,6,4,6,5,4,5,4,6,6,5,Wakefield
R_aWZt8fXvLYAauhf,2,2,5,7,1,6,4,2,4,3,1,2,7,7,6,6,6,4,7,6,7,6,7,6,4,6,6,6,6,6,Snake's Canyon
R_bDZU9gAQzZvtasZ,1,6,7,7,7,6,2,3,6,6,1,1,7,6,3,6,7,7,6,4,6,4,6,4,4,4,4,6,4,6,Snake's Canyon
R_2srJjTbJJi20QwB,7,6,7,1,1,4,4,5,4,6,2,1,7,7,6,7,3,5,7,4,5,4,7,7,3,3,4,1,4,4,Wakefield
R_cJjgv8WYAfgr9Rj,2,3,4,4,4,4,4,3,4,4,1,1,5,4,3,5,4,4,6,5,5,4,5,4,5,5,5,5,3,4,Merton
R_0obv5dWLCC96QwB,1,1,7,7,7,4,4,4,4,1,4,1,7,5,5,4,6,6,5,4,6,4,6,4,4,5,4,6,4,6,Snake's Canyon
R_d1pRTWTIxFd9WUR,4,4,3,3,2,3,5,6,5,4,2,2,6,2,4,2,6,6,6,5,6,6,6,6,5,5,6,4,6,5,Merton
R_eV9IhrrtXupmG5n,1,3,6,6,7,7,4,2,3,2,5,1,7,6,7,7,6,5,6,7,5,4,6,6,6,5,7,5,5,2,Wakefield
R_77K3bgPETdsYBUN,1,1,6,7,7,5,3,1,3,3,3,1,6,5,5,5,6,4,4,4,5,4,5,4,4,4,4,3,4,4,Wakefield
R_cVcNukMX93mCCK9,1,1,7,7,7,6,2,1,2,2,2,1,7,7,7,7,7,7,7,4,7,4,7,4,4,4,4,7,4,4,Snake's Canyon
R_2rzlBIdPEusTWYt,1,2,5,6,7,4,4,2,4,4,1,1,7,7,7,7,7,7,7,4,7,4,7,4,4,4,4,7,4,7,Snake's Canyon
R_8hUDoqEXpwsXFt3,1,1,7,7,7,7,6,1,1,2,2,1,7,4,6,6,6,5,5,4,4,4,5,4,4,4,4,5,4,3,Merton
R_9FQZAq2OSi576AJ,1,1,7,7,7,4,5,2,4,2,3,1,6,4,6,5,5,4,5,3,6,3,5,4,3,2,2,5,4,3,Snake's Canyon
R_cUgmhCsMXzBS6C9,1,1,7,7,7,7,1,1,1,1,1,3,6,6,6,6,6,6,6,6,6,6,6,6,6,6,6,6,6,6,Snake's Canyon
R_6inkyKEW7qNGhMN,1,1,7,7,7,7,1,1,1,1,1,1,7,7,7,7,7,6,7,6,7,6,6,6,6,6,6,6,6,6,Wakefield
R_5BhNy4k3DtZVKgl,1,3,6,7,5,5,4,2,4,5,1,1,7,7,7,6,7,7,7,7,7,4,7,7,7,7,7,7,7,7,Merton
R_6GnCJG0hB7TEOep,4,3,5,6,6,3,6,4,6,6,1,3,7,7,7,6,7,7,7,6,7,6,7,6,5,5,5,7,5,6,Snake's Canyon
R_87gXsnFfltUhSXr,5,4,5,6,5,4,4,3,6,5,2,2,4,5,3,4,6,5,5,5,4,5,4,3,5,6,6,3,4,4,Merton
R_9QzpVORAEwX6zhH,1,1,7,7,7,7,1,1,1,1,1,1,7,6,7,6,7,7,7,7,7,7,7,7,7,7,7,7,7,7,Wakefield
R_cByUffBPN24Ghrn,1,2,7,7,7,5,4,4,4,3,6,3,7,5,4,4,6,6,6,6,6,6,6,6,6,5,6,5,6,5,Wakefield
R_1yR43O7k5rHnHQV,7,7,4,1,1,4,7,7,4,7,1,1,7,7,1,1,7,6,4,4,4,4,7,4,4,4,4,4,4,1,Merton
R_etk5hcryAnUFRtz,1,1,7,7,7,2,6,5,6,7,5,1,7,5,7,6,7,6,6,6,7,6,7,6,6,6,6,5,6,7,Merton
R_8CcmF0AvEKQo4kJ,1,1,7,7,7,4,4,4,4,4,3,1,7,7,7,7,5,4,5,4,4,4,4,4,4,4,4,5,4,4,Wakefield
R_6J8GVgWTFjpCMZf,2,4,4,4,4,1,7,4,7,7,1,1,7,7,7,7,7,7,7,7,7,7,7,7,7,7,7,7,7,7,Snake's Canyon
R_8v5HySrY2ytDgSF,2,5,4,7,7,2,6,1,7,6,1,1,7,3,4,3,6,4,6,4,5,4,6,4,4,2,4,7,4,4,Wakefield
R_1MufunByUbzR74p,1,1,7,7,7,7,1,1,1,1,6,2,7,7,7,7,7,7,7,6,7,6,6,5,2,6,5,6,5,6,Snake's Canyon
R_8bISLu9SripBKMl,1,1,7,7,7,4,4,4,4,4,4,1,7,7,6,7,7,4,6,4,7,4,7,4,4,6,4,4,4,4,Wakefield
R_8HsQCDba2o3QWCF,1,1,7,7,7,4,4,2,4,4,4,1,7,6,6,6,3,6,7,4,6,6,6,4,6,6,6,7,6,6,Wakefield
R_2mLaBECS2fDUI5v,1,1,7,7,7,5,4,6,4,6,4,1,7,6,4,5,4,4,4,4,7,4,4,4,4,4,4,4,4,4,Merton
R_42ZgNAK0bHDrRqZ,5,4,4,4,4,7,7,7,7,1,1,2,6,6,4,6,6,7,6,7,6,7,6,5,4,4,6,7,6,6,Merton
R_dj99tdfpkgnHClf,1,2,6,6,7,6,2,2,2,2,1,2,7,6,6,6,7,7,6,7,7,7,7,7,6,6,6,7,7,7,Snake's Canyon
R_baagaKwQaVB4G8J,1,1,7,7,7,6,4,1,4,3,4,1,7,7,7,7,7,4,7,4,7,4,7,4,4,4,4,4,4,4,Snake's Canyon
R_b1R79XD2BfjZ7Dv,1,1,7,7,7,5,3,1,3,2,1,2,7,7,7,7,7,7,7,7,7,7,7,7,7,7,7,7,7,7,Wakefield
R_9Sldip5IRRY7N1H,6,5,5,5,6,7,5,4,7,6,2,1,7,6,6,7,4,7,7,7,5,6,7,7,6,7,6,6,5,7,Merton
R_efaATT0wvRBROrX,5,5,6,7,7,3,6,4,6,3,1,1,4,4,4,5,4,3,3,4,4,4,4,3,3,4,3,4,4,4,Merton
R_0fiw9NjMUcnyXat,5,6,2,2,2,2,6,6,6,6,2,1,5,1,5,2,5,5,5,4,5,4,5,4,4,4,4,5,4,5,Wakefield
R_3z4x4kkj7FollFr,1,4,4,7,7,5,2,2,4,4,1,1,6,5,4,3,4,4,5,4,5,4,4,4,4,5,4,1,5,4,Snake's Canyon
R_d0Z8PMemA59EnOJ,7,7,1,1,1,5,7,7,7,7,2,2,7,7,6,6,6,7,7,7,7,7,7,7,7,7,7,7,7,7,Wakefield
R_6FooFC8wzCqFxD7,3,4,5,6,6,4,4,4,5,4,2,2,7,5,7,4,7,7,7,7,7,7,7,6,7,7,7,7,6,6,Merton
R_089ITqfJ8KWmDRP,1,1,7,7,7,4,6,7,4,4,1,1,7,6,7,5,5,7,7,7,6,7,7,7,6,6,7,7,7,7,Merton
R_4Yge6acdg4jaKEd,1,1,7,7,1,7,3,2,4,1,1,2,7,7,7,5,7,7,6,6,6,6,6,6,4,7,6,7,4,7,Merton
R_2tcf6mYC2NdV7Ex,1,1,4,7,7,2,3,3,7,3,2,1,7,7,7,7,7,4,7,4,7,4,4,4,4,4,4,4,4,4,Snake's Canyon
R_0HATfOTLsRhgVNz,1,1,6,7,7,1,4,5,7,4,4,1,7,5,7,2,6,6,7,7,5,4,6,6,6,3,7,7,4,6,Wakefield
R_b26EKYQOcZlLpE9,1,4,7,7,7,4,4,4,4,4,1,1,6,3,3,2,6,4,4,4,4,4,4,4,4,2,4,6,6,5,Wakefield
R_cZIQpU7FgmTi5j7,1,2,7,7,7,5,4,2,2,2,5,4,7,6,6,6,6,6,6,6,6,6,5,5,6,6,6,6,6,6,Wakefield
R_a3jRbInJYQ2zVL7,1,2,3,5,7,1,7,6,7,6,1,1,7,1,1,2,6,4,6,4,6,4,4,4,4,4,4,4,4,4,Merton
R_6hEXx2XbHjUnSMR,6,2,6,6,7,5,4,4,4,3,2,1,6,7,5,5,6,6,6,6,7,6,6,4,4,4,5,6,6,6,Snake's Canyon
R_dj34KrmHiqlR6fP,1,2,6,5,7,5,4,3,4,3,1,2,6,5,5,5,5,5,5,5,5,5,5,5,5,5,5,6,6,6,Snake's Canyon
R_4SeH9onzVJdReEB,3,3,5,5,6,6,6,4,4,5,1,1,4,4,4,2,4,4,4,4,4,4,4,4,4,4,4,4,4,4,Wakefield
R_5asP3dL6Haug7Xf,1,1,7,7,7,4,4,4,4,4,1,1,6,7,7,7,7,6,7,4,5,4,4,7,5,1,4,6,7,5,Merton
R_e9E4TysuSTONd3L,1,1,7,7,7,7,1,1,1,1,7,1,4,4,3,1,4,3,6,1,5,5,4,2,1,1,3,3,7,1,Wakefield
R_eWZxDEAEt3lrN0V,1,1,4,7,6,4,4,1,4,4,3,2,6,6,6,6,6,4,6,4,6,4,6,4,4,4,4,4,4,4,Snake's Canyon
R_cOTIGk4JF9Obknb,1,1,5,7,7,4,2,3,3,3,5,1,7,7,7,7,7,3,7,5,5,6,6,6,4,5,5,1,6,5,Wakefield
R_79bMoEssk6M2NTf,1,1,7,7,7,5,5,1,3,1,1,1,7,6,6,3,6,4,6,4,5,4,6,4,4,4,4,6,4,6,Wakefield
R_38e51doHDPLBNg9,3,3,5,5,5,5,5,3,4,3,5,2,4,3,3,3,4,3,4,5,4,5,4,5,5,4,4,4,4,4,Merton
R_8ewrRLwB6Q58F8N,4,4,4,4,4,7,7,7,7,7,1,1,7,7,3,5,6,4,6,4,6,4,4,4,4,3,4,4,4,4,Wakefield
R_0cCtfey5CeJz5KB,1,1,6,7,7,6,3,1,4,2,4,1,5,4,5,4,5,4,4,4,4,4,4,4,4,4,3,4,4,4,Wakefield
R_6hd0bq8iUWPp3xz,1,1,7,7,7,1,7,4,7,7,1,1,7,6,5,5,7,4,4,4,4,4,7,4,4,4,4,2,4,5,Snake's Canyon
R_etznzXrQnSaekfP,1,2,7,7,7,4,3,2,4,3,2,3,6,2,6,1,5,6,5,5,4,4,4,4,4,4,4,5,4,4,Merton
R_0poZyWeMfeeWvnT,2,3,6,6,6,5,5,4,5,4,4,2,4,4,5,4,5,5,5,4,4,5,4,5,5,4,5,5,5,5,Snake's Canyon
R_25GtvKPYWO3FGHr,4,2,7,7,6,6,3,2,6,2,4,1,6,5,5,5,4,4,4,4,4,4,4,4,4,4,4,4,4,4,Wakefield
R_1LeL2NL3WGW3wr3,2,2,6,6,7,5,6,3,5,3,5,2,6,6,6,6,6,6,6,6,6,6,6,6,6,6,6,6,6,6,Wakefield
R_3Wq4VAEnc53RYsR,1,1,7,7,7,1,7,1,7,7,1,1,7,7,7,7,7,4,7,4,7,4,7,4,4,4,4,4,4,4,Wakefield
R_8AM9n59q9tqC8Sh,3,3,5,4,6,4,4,6,4,4,1,2,5,3,3,2,4,4,5,5,5,5,5,5,5,4,5,5,5,5,Merton
R_3rX7Coar9Wlclzn,1,1,7,7,7,7,1,1,1,1,6,5,5,6,6,6,7,6,5,6,5,6,5,7,6,7,5,7,6,6,Merton
R_cA4RgqQ1RzOzLtH,1,1,6,7,7,6,3,1,3,3,4,2,7,5,7,7,6,5,7,4,7,6,7,4,6,4,4,5,4,5,Wakefield
R_2c9okGA72RUiJCt,1,1,5,7,6,1,7,6,4,3,2,1,7,7,7,6,6,6,7,4,6,4,6,4,4,6,4,6,4,6,Snake's Canyon
R_ekUEMU2KuIPEuZD,1,2,4,7,7,3,6,4,6,7,1,1,7,7,7,3,7,6,6,5,6,5,6,4,4,5,4,6,4,6,Wakefield
R_cO99adLOWnaxJqt,1,1,7,7,7,3,5,3,4,5,1,1,6,6,7,4,7,4,3,1,5,5,3,2,3,1,2,4,4,3,Snake's Canyon
R_doFlIeEEh5kdO8B,3,3,5,6,6,2,6,4,5,6,1,1,7,7,6,6,7,6,6,5,7,4,6,4,4,5,4,6,4,6,Snake's Canyon
R_bNiWi08baRDwsxn,1,1,7,7,7,3,5,4,5,2,3,3,6,6,6,5,6,6,6,7,6,6,6,6,6,6,6,6,6,7,Merton
R_883iKbHSZJKdxvT,1,1,7,7,7,7,1,1,1,1,1,2,6,7,7,6,7,7,6,6,7,6,7,7,6,6,7,7,7,7,Merton
R_1LaxLuhGutJxH8h,7,7,6,7,7,4,4,4,4,4,4,1,6,4,5,5,6,6,5,5,5,5,6,6,4,4,4,4,5,5,Wakefield
R_07EgnfFFsNEQyTX,1,4,4,7,7,4,4,4,4,4,1,2,7,4,6,4,6,6,7,7,7,5,7,6,6,4,7,7,6,6,Merton
R_eKSIzX8Lt7ctUvX,1,1,5,7,7,4,4,3,4,3,1,1,7,5,4,5,7,5,4,4,4,4,4,4,4,3,3,5,4,4,Snake's Canyon
R_eW3rvij6gdyHjIV,2,2,6,7,7,2,4,4,4,4,1,1,7,6,2,6,7,6,5,5,6,6,5,4,4,5,4,6,4,6,Wakefield
R_bfLarFi5E7nXQON,3,4,4,4,5,2,5,5,5,3,1,1,6,3,3,4,4,4,6,4,6,4,7,4,4,4,4,4,4,4,Wakefield
R_3vDrjvJH4H9mZTf,4,3,4,7,7,4,5,4,4,5,1,1,4,4,4,4,4,4,4,4,4,4,4,4,4,4,4,4,4,4,Merton
R_3UXY7yLMzaGjZbL,6,6,3,3,4,4,5,6,6,5,4,4,6,4,5,4,5,4,5,5,5,5,4,5,5,4,5,4,5,5,Wakefield
R_0ugHRTHZy8dZZPv,1,3,5,5,7,3,4,2,7,6,7,2,7,3,7,7,6,7,5,3,3,3,4,2,5,4,4,2,4,2,Merton
R_0kWq77T2S7VZEH3,1,1,7,7,7,3,4,3,4,2,1,3,6,6,5,4,5,3,5,4,4,4,4,4,4,4,4,5,4,4,Wakefield
R_1XQRpc7162LNjbT,1,1,7,6,7,6,2,1,3,2,1,1,7,6,6,5,6,4,4,4,4,4,4,4,4,5,4,4,4,4,Wakefield
R_81idW0XTr5iadjn,3,4,4,6,7,3,6,4,5,4,1,2,7,6,5,4,4,7,7,4,7,4,6,4,4,4,4,5,4,4,Snake's Canyon
R_3auBw1ap2UDwzOZ,3,4,6,5,6,5,2,4,4,4,7,7,7,7,6,7,7,6,4,5,4,6,4,5,7,7,4,6,7,4,Snake's Canyon
R_e5TVvQY9xjZ0wYt,1,1,5,7,7,2,7,3,6,7,1,1,6,6,6,6,5,6,6,5,6,4,6,4,4,4,4,4,4,4,Wakefield
R_cIVv9beQAinC6dn,1,2,7,7,7,5,4,3,4,2,1,1,6,6,6,6,6,6,6,6,6,6,6,4,4,6,6,6,4,6,Snake's Canyon
R_afw0MscEL33v6HX,2,2,5,5,6,6,4,2,4,2,1,3,6,6,6,4,5,5,5,5,5,5,5,5,5,6,5,5,6,6,Snake's Canyon
R_0ct32QPtXB7sOKV,1,1,7,7,7,7,1,2,1,2,4,1,7,5,7,6,5,5,7,5,7,5,7,6,6,6,6,5,5,6,Wakefield
R_6tJwFiIhEBdLfVj,2,4,5,6,6,1,7,6,6,5,5,1,6,2,1,1,4,3,6,5,6,4,6,4,3,4,5,5,5,3,Snake's Canyon
R_ebbux7xN6gisJGR,7,7,1,1,4,1,7,7,7,7,4,1,6,2,3,2,4,4,6,4,4,4,4,4,4,4,4,4,4,4,Merton
R_bIxwT2c6dwSclUN,1,1,6,7,7,5,4,5,4,3,5,3,7,1,1,1,6,3,4,3,2,3,4,3,1,3,3,7,2,2,Snake's Canyon
R_3xbwOUEUQmVkOi1,1,1,7,6,7,6,1,2,4,1,5,1,4,5,5,5,5,4,6,5,5,6,6,6,4,5,5,5,6,5,Wakefield
R_5dIMdTilWnlj1Hf,1,3,4,7,7,4,4,6,4,4,1,1,7,4,5,4,3,4,4,4,4,4,4,4,4,4,4,4,4,4,Wakefield
R_0k66T7e9H5j6Usd,1,2,6,7,7,4,4,2,4,4,2,1,7,7,6,6,6,6,7,6,6,6,6,6,6,6,6,5,6,6,Snake's Canyon
R_benxhc2gjSdsGEd,1,2,7,7,7,4,4,4,2,2,2,1,7,4,3,3,6,4,4,2,2,2,2,2,2,2,2,4,2,2,Merton
R_1BltvTFvBSrKNhP,7,7,7,1,1,1,7,7,7,7,1,1,7,7,1,7,7,7,7,7,7,7,7,7,7,7,7,7,7,7,Snake's Canyon
R_6mx8hU5H8LDfGtf,1,1,7,7,7,2,7,7,5,5,6,4,6,1,2,1,1,4,6,4,6,6,4,4,4,4,4,1,3,4,Merton
R_aatfC2TvTu21r9z,1,2,7,7,7,6,4,3,4,3,1,1,6,6,6,6,5,6,6,6,6,6,6,6,6,6,6,4,6,6,Snake's Canyon
R_0uOWEcZGLjqsTOZ,1,1,7,7,7,6,1,1,2,1,1,1,7,7,7,7,7,4,5,4,7,4,4,4,4,4,4,4,4,4,Wakefield
R_abl4ppzhCtWMF0N,4,5,5,4,6,5,4,6,5,3,4,1,5,4,5,3,6,6,5,5,4,5,4,5,6,5,5,5,4,5,Merton
R_6QM5fwb3C5C68DP,5,3,5,7,7,2,7,7,7,3,2,1,6,6,6,6,6,6,6,6,6,6,6,6,6,6,6,6,6,6,Wakefield
R_1HueOxmudVZvyQZ,1,1,7,7,7,4,4,1,5,4,1,1,7,7,7,7,7,6,7,6,7,7,7,6,6,7,6,7,7,7,Snake's Canyon
R_eb3VEEmKD6pQaWN,1,1,2,5,6,3,1,1,4,1,7,3,6,6,6,6,6,6,6,6,6,6,6,6,6,6,6,6,6,6,Snake's Canyon
R_6qT6EFXNFdfw3WJ,3,4,6,5,6,3,6,4,5,3,2,1,6,5,4,4,6,5,4,4,4,4,4,4,4,2,4,5,4,4,Snake's Canyon
R_3EmiLx4d6IuRYzP,1,1,7,7,7,4,4,4,4,1,4,1,6,3,5,2,3,4,6,4,5,4,4,4,2,1,4,4,4,4,Merton
R_2f9eVEc06ZhyPrv,1,1,7,7,7,7,1,1,1,1,1,2,7,7,7,7,7,7,7,7,7,7,7,7,7,7,7,7,7,7,Wakefield
R_daQha8mXBMIUfGJ,3,2,7,4,7,4,3,3,5,3,4,1,6,6,6,5,6,6,5,6,6,6,6,6,6,4,6,6,5,5,Merton
R_6fp73QMtqoTepc9,2,1,4,7,7,4,7,2,6,4,5,2,5,6,6,4,7,5,7,5,7,4,7,5,5,5,5,5,5,4,Snake's Canyon
R_dnz3k3b6s1X3hvn,1,1,6,1,1,6,2,6,6,6,1,1,7,7,7,7,7,7,7,6,7,7,7,7,6,7,6,7,6,7,Snake's Canyon
R_bd75C7fVayH01N3,2,2,6,5,6,4,4,5,4,4,4,1,7,5,6,5,5,4,4,4,5,4,4,4,4,4,4,4,4,4,Wakefield
R_6YbLJLc7hRY0RzD,1,1,5,7,7,6,4,4,4,5,1,1,7,7,7,7,7,4,6,4,7,6,4,4,4,4,4,4,4,4,Snake's Canyon
R_eIGIH0Q43f5ANiB,1,2,6,6,7,3,1,2,5,5,7,2,2,4,3,1,2,4,5,3,4,5,5,4,3,4,3,5,6,3,Wakefield
R_czQatsPMhr66jRz,1,1,6,7,7,6,1,1,3,1,1,1,7,1,1,4,1,7,7,4,4,4,7,7,7,4,7,7,4,7,Merton
R_bPdKqEoNxB3Xbjn,1,1,7,7,7,6,4,1,4,2,1,2,7,5,5,2,7,7,7,7,7,7,7,7,7,7,7,7,7,7,Wakefield
R_aXCtHKoJMXUKV9j,1,1,7,7,7,5,3,1,1,3,1,2,7,7,4,7,3,6,7,5,7,7,7,7,7,7,7,7,6,6,Snake's Canyon
R_ezzE76rem12TvW5,3,3,6,5,6,4,5,3,4,4,1,2,6,6,6,3,6,4,6,4,6,5,6,4,4,5,6,6,6,4,Snake's Canyon
R_9S4IuqRavgu5BGt,2,1,5,7,7,4,4,4,4,4,3,2,5,3,3,3,5,3,5,5,3,5,5,3,3,4,5,5,4,3,Snake's Canyon
R_1RCfwEbf8bJUkIJ,1,1,7,7,7,4,3,1,3,1,7,4,7,7,5,3,7,4,7,5,6,6,5,6,5,5,4,7,5,5,Merton
R_bdRWHElAdXf7T7L,1,4,6,7,7,4,4,4,4,2,2,1,6,6,3,4,4,7,6,4,4,4,6,4,4,5,4,7,5,5,Wakefield
R_00U6jB796KKyowB,1,1,5,7,7,5,4,1,4,5,2,2,6,6,6,6,2,6,6,4,4,4,6,4,2,4,4,5,4,6,Wakefield
R_9ElpnDwICH31WWp,1,2,6,7,6,6,2,2,2,2,4,1,4,5,4,4,4,4,5,4,4,4,4,4,6,4,4,4,4,4,Snake's Canyon
R_6MeGp3wEfvjLFWd,1,1,7,7,7,7,1,1,1,1,1,4,7,4,4,4,4,4,4,4,4,4,4,4,4,4,4,4,4,4,Merton
R_eS5x59XFWFPaZnf,2,2,5,6,6,2,4,4,6,4,2,2,6,5,5,2,5,6,6,4,6,5,5,4,4,3,4,6,4,4,Wakefield
R_8e9J0htepqg2cWF,1,1,1,7,7,7,1,1,7,1,7,7,7,7,7,7,7,7,7,7,7,7,7,7,7,7,7,7,7,7,Snake's Canyon
R_1ERDBXf1INVDu4J,1,1,7,7,7,7,1,1,3,1,1,7,7,7,7,7,7,7,7,7,7,7,7,7,7,7,7,7,7,7,Merton
R_07F4LZpiO5wQ7B3,1,4,4,7,7,4,5,4,4,4,7,1,7,7,4,7,7,3,5,4,7,4,4,4,4,5,2,5,4,4,Snake's Canyon
R_2fWemUNj55RvEOx,1,1,7,7,7,7,4,7,7,4,4,1,1,2,1,1,1,4,1,1,1,1,1,4,1,4,1,1,1,1,Merton
R_5i2z9nZ40gTX5f7,1,1,7,7,7,4,7,3,5,3,1,2,7,7,5,5,3,6,6,5,6,4,6,7,6,5,5,6,7,6,Merton
R_0fenP6szoDe4inr,3,3,6,6,6,5,4,3,5,4,2,2,7,7,7,7,7,5,6,6,7,6,7,6,4,6,5,6,7,6,Snake's Canyon
R_0qek9QDr53gDV5j,1,1,7,7,7,7,3,4,7,3,4,2,6,1,4,4,4,4,4,4,4,4,4,4,4,4,4,4,4,4,Wakefield
R_0cThI07LrDIVRd3,1,1,4,7,7,1,7,4,7,4,1,1,7,7,7,7,3,7,7,4,7,4,7,4,4,4,4,7,7,7,Snake's Canyon
R_bg55ihGJsrAzpUp,2,2,6,6,6,2,6,6,6,2,1,2,7,6,6,6,6,6,6,6,6,6,6,5,4,6,6,7,6,6,Merton
R_cO53D2sUuOOjC3X,3,4,5,5,5,2,6,4,4,4,1,1,7,2,6,1,3,4,6,4,6,4,4,4,4,4,4,4,4,4,Wakefield
R_1X1xNEvUDRgGbul,3,3,5,6,5,4,4,3,2,4,4,3,4,4,4,4,4,4,4,4,4,4,4,4,4,4,4,4,4,4,Wakefield
R_9uxpSIfdnx6YmTb,3,4,4,4,4,3,4,1,1,3,3,1,5,4,6,5,6,6,5,6,5,4,5,5,6,5,4,5,5,5,Merton
R_5AVzhznQXpOvdKR,1,1,7,7,7,4,4,3,4,4,1,3,7,7,6,7,7,7,7,4,4,4,4,4,4,3,4,7,4,4,Snake's Canyon
R_06NEsDaJ8WI3GnP,1,1,6,6,7,6,3,2,3,2,6,4,6,7,7,6,6,6,7,7,7,7,6,6,6,7,6,6,6,6,Wakefield
R_0pU7m2q4cbWtpU9,2,2,6,6,2,5,4,2,3,3,2,2,5,5,4,5,5,4,4,4,4,4,4,4,4,3,4,5,4,5,Snake's Canyon
R_8vrbMlsJDZ3Bki1,2,5,6,6,7,3,6,3,6,2,1,1,7,6,6,4,7,6,6,6,6,6,6,6,6,6,6,4,6,7,Merton
R_85GOADwpox9RRdj,1,3,6,7,7,3,6,3,3,6,1,2,7,6,6,6,6,6,7,6,6,7,6,4,4,6,4,6,4,4,Snake's Canyon
R_b7TxpaJwgVfxO3b,1,1,7,7,7,7,1,1,1,4,3,2,7,7,7,7,5,7,7,7,7,7,7,7,4,7,7,7,7,4,Wakefield
R_eV9xlRsvn4y15Pf,2,2,7,7,7,5,3,2,4,5,1,1,7,6,6,6,6,6,7,6,6,6,6,6,6,6,6,6,6,6,Wakefield
R_066ctRyi0uWHBGd,1,1,6,5,7,6,4,4,3,3,3,2,7,2,6,2,4,4,4,4,4,4,4,4,4,4,4,5,4,4,Merton
R_5pslMfNjtKQnEln,1,1,6,6,7,3,7,4,5,4,4,1,7,5,5,5,7,4,4,4,4,4,4,4,4,5,4,4,4,4,Snake's Canyon
R_3PYNVUojcwPYMAd,7,6,7,1,7,4,1,2,1,1,2,1,6,2,4,3,5,3,4,3,4,3,4,2,2,2,3,4,4,3,Merton
R_0UtSqxKgCGDzBFX,1,1,7,7,7,7,4,4,4,1,1,1,6,6,4,3,7,6,6,4,6,6,6,4,4,5,4,6,6,6,Merton
R_9KOngL8GVGoDhUV,1,2,7,7,7,6,6,1,4,4,1,1,6,6,6,3,6,6,6,4,6,4,6,4,4,6,4,5,4,6,Merton
R_6y9VWf0FmStAIbb,1,2,5,7,6,4,4,3,4,4,1,1,7,6,5,6,6,6,6,4,6,4,5,4,4,5,4,5,4,4,Wakefield
R_9AevQyzepSn69qB,2,1,7,6,7,4,3,4,4,4,1,1,7,6,6,4,6,4,4,4,6,4,4,4,4,4,4,4,4,4,Wakefield
R_0dZcxX9HREUXkvr,1,1,6,6,7,6,1,2,1,5,6,3,6,7,6,6,7,7,6,7,7,7,7,7,7,7,7,7,7,7,Snake's Canyon
R_3V3bRrUPkfsKGMt,1,1,7,7,7,4,4,1,6,3,5,2,7,6,6,6,2,5,6,6,6,6,6,4,6,6,6,7,4,7,Snake's Canyon
R_1yU09ZvDH3gz1PL,2,2,6,6,6,5,4,4,4,3,2,1,6,6,6,4,6,6,6,6,6,5,6,5,6,6,6,6,6,6,Merton
R_8vKe1rAHrHvbLFP,1,1,7,7,7,7,1,1,1,1,3,3,7,4,5,7,4,5,4,5,5,7,7,6,6,6,5,7,5,7,Merton
R_6r72ToKYtsSmhQ9,4,7,2,1,7,1,6,7,7,6,1,2,7,6,6,2,6,7,7,7,7,7,7,7,7,7,7,7,7,7,Merton
R_0xsXXVo3R4KjaDP,1,2,5,5,7,4,4,4,5,4,4,1,7,6,6,4,4,4,6,4,4,4,4,4,4,4,4,4,4,4,Wakefield
R_5ALoucXLmh8HCId,2,4,4,5,6,2,6,6,6,6,1,1,6,5,6,5,6,6,5,5,6,4,6,4,4,4,5,6,4,6,Wakefield
R_784TpwL2NtJwqDb,1,2,7,7,7,6,3,3,2,4,3,2,7,6,6,7,6,5,6,6,6,5,5,5,5,5,6,5,6,5,Wakefield
R_3UG7w64afb1FGXX,1,1,7,7,7,7,1,1,1,4,2,1,6,6,7,6,5,6,6,5,5,6,5,4,4,6,5,4,5,6,Snake's Canyon
R_6yE34cb33WAfCNn,1,1,7,7,7,6,3,2,3,3,1,1,6,6,6,6,6,6,4,4,4,4,4,4,4,4,4,4,4,4,Wakefield
R_9zqEgz3FLvaZIDr,1,1,6,7,7,2,6,6,6,4,3,1,7,1,1,2,6,6,2,6,1,5,5,5,1,1,5,5,6,5,Merton
R_9RgYtOoKol6UqJ7,1,1,7,7,7,5,7,2,7,3,1,1,7,6,7,7,7,4,4,6,7,4,7,4,6,4,4,6,4,4,Snake's Canyon
R_3aQPvLuFinGGu5T,6,6,3,3,1,3,6,3,6,3,2,2,7,7,7,7,7,7,7,7,7,7,7,7,7,7,7,7,7,7,Wakefield
R_9BPWN5CDzkgRTmd,1,4,7,7,7,4,4,4,6,4,2,1,7,5,5,3,1,4,6,4,7,5,6,4,5,5,4,4,4,4,Snake's Canyon
R_9SwtTzgYxB7F6Pr,1,1,6,6,6,6,4,2,4,2,1,2,4,3,4,3,3,2,2,4,4,3,4,3,3,3,3,2,4,4,Merton
R_bPeQ4En4uFTwbm5,1,2,4,3,4,6,2,1,4,3,7,6,6,7,7,6,6,7,7,6,7,6,7,7,4,7,7,6,6,6,Snake's Canyon
R_0Ie1ZShhISI1H0N,1,1,7,7,7,7,7,7,1,1,1,1,5,6,6,1,6,6,6,6,4,5,4,5,5,3,5,6,4,4,Merton
R_1NwWFXWLUuBL92t,1,1,7,7,7,6,4,3,4,4,1,1,7,6,7,5,7,4,6,4,6,4,6,4,4,4,4,6,4,6,Merton
R_7TEnSwyaaachY7X,1,1,7,7,7,1,1,7,1,1,7,6,7,7,6,6,6,6,7,7,6,7,7,6,7,7,6,7,7,7,Merton
R_1R1jyfVDh9B8kdL,4,3,4,6,5,5,5,3,4,4,1,2,6,6,6,4,6,7,6,5,6,6,6,6,6,6,7,6,6,6,Wakefield
R_4YJ9eOEfyCLxfF3,1,4,7,7,7,5,7,4,3,4,4,1,7,4,3,1,6,4,1,6,7,4,4,4,4,4,4,2,4,6,Merton
R_0HUIRxfVLj9Z6YJ,4,2,6,4,4,4,4,5,3,3,5,6,6,7,7,6,5,5,5,6,6,6,6,6,6,6,6,6,6,7,Snake's Canyon
R_dhVazJDwpA4vgBn,1,2,6,7,7,7,4,2,3,4,5,1,7,7,6,6,7,6,6,6,6,6,7,6,6,7,6,6,6,6,Wakefield
R_8cUJuJoWj0ntrnf,1,1,7,7,7,5,3,2,1,2,1,2,7,5,5,4,7,6,6,5,7,5,7,5,5,4,5,6,3,6,Merton
R_5aKDr0wkkjtly4d,1,3,7,7,7,5,4,3,5,5,1,2,7,7,5,6,5,7,5,5,5,5,5,4,6,4,6,5,5,5,Snake's Canyon
R_0HrJWLWSR7zoUQd,1,2,7,6,7,4,5,3,4,5,1,1,7,2,5,2,6,4,6,4,5,5,5,6,4,5,4,6,6,4,Merton
R_1TZ0ESQZW4LhIrP,3,2,6,6,7,4,6,4,4,4,1,1,7,4,6,4,6,7,7,6,7,6,6,7,6,4,7,6,6,4,Merton
R_9QRYPcrx8zCmSDX,2,2,6,6,6,6,2,2,2,2,6,4,5,6,6,6,6,6,6,6,5,5,6,6,6,6,6,6,5,5,Merton
R_e39DXI8qCIgRJdz,1,3,6,7,7,6,2,2,3,2,7,2,1,2,4,4,1,3,1,3,4,2,4,4,2,2,4,2,1,2,Wakefield
R_dcM5XzzF4HEblUF,1,1,7,7,7,7,2,1,2,1,5,1,6,6,6,6,6,6,6,6,6,6,6,6,2,4,6,6,6,6,Snake's Canyon
R_cuVHxRUFEcviTBz,1,1,6,7,7,6,4,4,2,4,4,1,7,7,7,7,7,5,6,4,6,4,5,4,4,4,4,3,4,5,Snake's Canyon
R_00zIerd8eSUdVYh,5,4,4,5,4,1,6,7,6,4,5,4,6,6,6,7,6,5,6,6,7,6,7,6,6,6,5,6,6,7,Wakefield
R_2aHp0znrpf5Pvdr,2,5,5,5,4,3,3,5,4,4,2,1,5,1,5,5,6,5,5,3,4,4,5,5,3,5,4,5,4,5,Merton
R_5BhCMdj3SbnMtlX,1,4,6,6,7,4,3,4,5,3,5,3,5,3,4,5,5,5,4,4,4,5,3,4,3,2,5,4,3,4,Merton
R_b3lYvogKsedp9g9,1,1,7,7,7,4,3,1,4,3,4,1,7,7,7,7,7,4,7,4,6,4,4,4,4,4,4,4,4,4,Merton
R_9LkiXMs7pruaxVj,1,1,7,7,7,4,4,4,4,1,1,1,6,4,6,3,3,4,6,4,4,4,6,4,4,4,4,3,4,4,Merton
R_cPgf9MZjbwSOagZ,1,1,6,7,7,4,4,4,6,2,2,2,7,7,5,6,7,7,5,6,7,7,6,5,5,7,6,7,6,5,Wakefield
R_9mpRg6nReuvbzwN,2,2,2,6,6,3,6,6,6,6,2,2,5,5,4,2,6,3,5,4,3,4,4,5,4,5,4,1,5,3,Merton
R_3IdCtu5dTw6eETP,1,1,7,7,7,6,3,1,2,1,1,1,6,6,7,3,5,4,6,4,6,7,6,6,6,6,6,4,4,4,Snake's Canyon
R_6R0cg5tJRUVmtSJ,1,1,7,6,7,4,1,2,4,2,4,1,5,4,5,5,5,5,5,5,5,5,5,5,5,5,5,6,5,5,Merton
R_8f6jeBPMwZjz87b,1,1,7,7,7,7,1,1,1,1,7,7,7,6,6,6,7,7,7,7,7,6,7,7,7,7,6,7,7,6,Merton
R_5u3SJJ1NHRuWr9b,1,1,7,7,7,6,6,2,4,1,1,1,7,6,7,7,2,4,7,4,6,7,4,6,4,7,4,7,4,7,Snake's Canyon
R_0lbD8vzDGVPoCa1,1,1,7,7,7,4,4,1,4,4,1,1,7,7,7,7,7,7,7,4,7,7,7,4,7,7,4,7,4,7,Snake's Canyon
R_7Q9p8GY7kRTNs0t,2,3,6,6,6,6,4,5,6,4,2,1,5,4,5,5,6,4,5,5,5,4,4,5,4,4,6,6,5,5,Merton
R_abc9kgqybd1Zszz,2,1,7,7,7,6,1,1,1,2,1,1,7,2,3,2,7,4,5,4,4,4,4,4,4,4,4,5,4,4,Merton
R_ex7pDXpmtltqs17,2,2,4,6,7,4,4,5,5,5,1,2,6,4,5,3,6,5,4,4,5,4,6,4,3,4,5,6,4,5,Snake's Canyon
R_9S87SqKwWVPGmA5,1,1,6,7,7,3,5,4,4,4,1,1,7,6,5,4,6,4,6,4,4,4,4,4,4,4,4,4,4,4,Wakefield
R_24yQpTPZQddhobz,1,1,7,7,7,5,6,1,4,4,1,1,7,7,7,7,7,7,7,7,7,6,7,7,6,6,6,7,6,7,Wakefield
R_djqN4BhWX6XJY8J,1,1,7,7,7,4,4,4,4,4,4,3,7,4,4,1,7,1,3,6,6,7,4,6,5,1,7,7,6,7,Merton
R_3F9m0gISxhAUMNn,1,1,5,7,7,5,4,3,4,1,2,1,7,7,7,7,7,7,7,7,7,7,7,4,6,7,6,7,7,5,Merton
R_bqoy6SH9gfuZ5Up,1,1,7,7,7,7,1,1,1,1,2,1,7,7,7,7,7,7,7,7,7,7,7,7,7,7,7,7,7,7,Merton
R_1RnU8fbO9BISYbb,1,1,7,7,7,1,6,6,7,7,5,2,5,2,3,2,5,2,4,2,3,3,3,3,3,4,3,5,2,3,Merton
R_08PUpUGPS4x2vT7,3,3,5,4,7,4,5,6,5,3,4,2,4,4,2,2,3,5,2,3,4,4,4,4,4,4,4,5,3,5,Merton
R_0B2Z2FvRQsYdgEd,2,2,5,7,5,6,2,4,3,3,4,1,6,6,6,5,6,4,6,4,5,4,4,4,4,4,4,4,4,3,Snake's Canyon
R_eFENOZVXUqEliRv,1,2,7,7,7,7,2,2,2,2,3,3,6,6,6,6,6,6,6,6,6,6,6,6,6,6,6,6,6,6,Merton
R_9AWE6N1QcZI2Xm5,1,5,5,5,7,5,1,2,1,4,5,2,3,4,3,1,2,6,5,4,7,2,3,4,4,3,2,4,3,4,Merton
R_eyXjCGUoAcYyvrv,3,3,5,5,5,5,5,5,4,3,3,4,5,4,5,5,5,5,5,5,4,5,5,4,5,4,5,5,5,5,Merton
R_1B71km5YpynLj4p,3,3,6,7,7,6,3,2,4,3,1,1,7,7,6,7,7,6,4,6,4,5,4,4,5,4,5,6,4,5,Snake's Canyon
R_0Sq59IIgTGFhwGx,6,5,5,5,6,2,3,4,5,4,5,1,4,5,5,3,3,5,6,5,4,5,5,2,3,4,3,6,4,5,Snake's Canyon
R_ehTcvDAdHbb3YAR,1,1,6,7,7,5,2,3,3,3,2,1,6,6,6,3,6,4,5,4,5,4,5,4,4,4,4,4,4,4,Merton
R_08rbQ6BY91kZAhL,5,6,4,4,4,3,4,5,6,4,6,3,4,6,2,5,3,3,5,5,3,5,4,5,6,2,5,6,5,5,Merton
R_7PQhEc1n2FCDpVr,2,3,5,4,3,3,5,5,2,4,3,2,6,5,5,3,5,4,5,4,4,4,5,4,4,4,4,5,4,4,Merton
R_6KZpUo0nbFPQgPb,1,1,7,7,7,7,1,1,1,1,7,6,6,7,7,7,7,7,6,6,7,6,6,6,7,6,6,7,6,7,Merton
R_emw0NeheiubuUJf,2,2,6,6,6,6,4,5,6,4,1,1,6,5,6,6,6,4,6,6,5,4,4,4,4,4,4,4,4,5,Merton
R_40LssZKo8HmC6e9,1,1,7,7,7,7,2,1,2,1,7,7,7,6,6,6,7,6,6,6,7,7,6,6,6,6,7,6,6,7,Merton
R_3OBVF10skpgXTil,1,1,7,7,7,4,5,4,4,3,4,1,4,3,4,3,4,4,4,4,4,4,4,4,4,2,2,3,4,3,Snake's Canyon
R_3QwedcdVDO6QUjr,1,1,7,7,7,7,1,1,1,1,5,3,6,5,5,6,5,5,5,6,6,6,5,4,6,4,5,4,6,5,Snake's Canyon
R_exI672NPxzkCqz3,1,4,7,7,7,4,4,4,4,4,4,2,7,4,6,4,7,6,6,5,7,5,6,6,5,5,5,6,5,6,Merton
R_bC2T1TgksNWp725,1,2,6,6,5,6,2,2,3,3,5,3,6,6,6,6,5,5,6,5,5,5,6,5,5,7,7,6,6,5,Snake's Canyon
R_2fydozFUYN8IpF3,1,1,3,7,7,4,4,3,4,4,1,1,7,7,7,7,7,7,7,4,7,4,7,7,4,4,7,4,7,4,Wakefield
R_2nHI2jDcIVRfhXf,3,3,4,5,3,3,5,6,5,6,3,2,6,5,5,4,6,5,4,5,4,5,3,4,6,4,6,6,5,6,Merton
R_8qpXY8q9ZeARfPD,1,1,7,7,7,1,7,6,4,4,1,1,6,6,5,3,6,5,7,4,6,4,5,4,4,4,4,6,4,1,Snake's Canyon
R_0SWs7lTTPOJfC9T,1,1,7,7,7,2,7,2,7,4,1,3,7,6,7,6,6,4,5,4,6,4,6,4,4,5,4,5,4,3,Wakefield
R_eaPIIQl4NKfsAWF,1,1,5,6,7,3,6,6,6,6,1,1,7,7,7,7,7,7,7,7,7,6,7,6,6,6,6,6,6,7,Merton
R_9p1arUeFlxIsKS9,1,1,7,7,7,4,4,2,7,1,2,1,7,4,5,5,7,5,7,5,6,6,6,4,4,3,4,6,4,6,Merton
R_0SrUBbBvrN1RHSd,1,1,7,7,7,1,7,2,7,6,1,1,6,6,6,6,6,6,6,4,6,4,4,4,6,4,4,6,4,4,Merton
R_56jlJDEvfPpHY9v,2,2,4,4,7,3,4,5,3,3,2,2,6,1,2,1,5,6,5,4,3,3,5,4,4,4,4,4,4,4,Merton
R_eDLJwin50zRMBIF,1,4,7,7,7,7,1,1,4,4,2,1,7,7,6,7,7,7,7,7,7,7,6,7,7,6,7,7,7,7,Merton
R_7OjveLYiZJNKvzv,2,1,6,4,7,3,5,4,5,3,1,1,7,5,4,6,6,6,6,6,6,6,6,6,5,5,6,7,6,5,Merton
R_e3fl2mtyzf73zY9,1,2,3,7,4,7,2,6,1,5,6,6,5,6,5,7,6,5,5,6,7,7,6,6,6,6,6,7,7,7,Merton
R_cIv93KfzoNpCtBH,1,1,7,7,7,4,4,1,4,4,1,1,7,7,7,7,7,4,7,4,4,4,7,4,4,4,4,4,4,4,Wakefield
R_1TU3hXxwLOqG31X,2,5,3,4,5,2,4,5,6,5,2,1,6,6,5,5,5,5,4,4,4,4,4,4,4,3,5,4,4,4,Merton
R_6VEDwSwPcJVVulv,2,5,3,6,6,6,2,2,2,2,6,5,5,5,6,5,6,6,5,6,6,6,6,6,6,6,6,5,6,6,Merton
R_0dLmZCh1SVUw63z,7,6,2,6,3,5,5,1,4,4,5,6,7,6,5,5,6,6,5,7,7,6,5,5,6,6,6,7,6,6,Merton
R_74ivsnjdaggYnR3,1,1,2,6,7,2,6,7,5,4,1,1,7,7,1,2,5,4,5,5,4,5,5,4,2,4,4,5,5,4,Merton
R_2rxVL1VXTnob9aZ,1,1,7,7,7,7,4,1,4,1,4,1,4,4,4,4,4,4,4,5,4,4,4,4,4,4,4,4,4,4,Merton
R_2iAcREkWwSZhxWZ,1,1,7,7,7,4,7,1,7,1,1,1,7,7,7,7,7,7,7,7,7,7,7,7,7,7,7,7,7,7,Merton
R_esx2zx4XKpUJ1KR,6,7,6,7,7,6,6,6,5,6,6,6,7,6,6,6,7,7,7,7,7,7,6,7,6,6,6,6,6,7,Merton
R_0OMAIlu4TJoJkZ7,1,1,7,6,7,4,4,1,4,3,4,2,4,4,4,4,4,4,4,4,4,4,4,4,4,4,4,4,4,4,Merton
R_elF7L2BUAWCQx5r,1,1,7,7,7,7,1,1,1,1,1,1,7,7,7,7,7,7,7,7,7,7,7,7,7,7,7,7,7,7,Wakefield
R_6ioxfo7wpzjmwPr,1,1,7,7,7,2,5,2,5,1,5,2,5,1,1,1,6,3,5,4,2,4,4,3,1,3,4,5,4,5,Merton
R_9L8ew45cT2hnOvP,2,2,6,6,6,6,2,2,2,2,6,6,6,6,6,6,5,6,6,6,6,6,6,6,6,6,6,6,6,6,Merton
R_0iDhojYoKq3cM6h,2,2,4,4,5,5,3,3,3,3,5,2,6,3,5,4,4,5,5,5,6,4,6,5,5,4,4,6,4,4,Merton
R_ddmGmsEQ1sUSnyJ,1,7,6,2,1,6,2,2,1,1,6,7,5,7,5,6,7,5,5,6,5,6,5,6,6,5,7,7,6,6,Merton
R_bIrnTFcgZeGQQJv,1,1,7,6,7,7,2,1,2,1,1,5,7,5,7,7,6,6,7,7,7,7,6,7,6,7,6,7,6,7,Snake's Canyon
R_cCrqje382CqzCD3,2,2,2,6,7,5,4,3,4,3,1,2,6,6,6,6,6,6,6,6,6,6,6,6,4,4,6,6,6,6,Wakefield
R_b1uvQPcD3BmfceV,1,5,7,7,7,5,4,1,6,4,1,1,7,7,7,7,7,7,7,7,7,7,7,7,7,7,6,7,7,7,Snake's Canyon
R_breC0odPHyi7xAN,4,4,1,4,4,1,7,7,7,7,1,1,4,4,4,4,4,4,4,4,4,4,4,4,4,4,4,4,4,4,Wakefield
R_eevLRL7N1UkJaU5,1,2,6,7,7,4,5,2,4,3,2,1,7,5,5,4,7,6,6,4,4,3,5,4,4,2,4,6,4,2,Snake's Canyon
R_0Hc122rzgPmWkuh,1,4,7,7,7,7,1,4,7,5,1,1,7,7,7,7,6,7,7,6,6,7,7,1,1,7,7,7,7,7,Merton
R_4INtMgyhrfWt0hv,2,4,6,6,6,3,6,4,4,4,6,2,5,6,6,5,5,5,5,5,5,5,5,5,4,4,4,5,5,5,Merton
R_dhD5hhBJblEhfTL,2,3,4,6,7,6,6,5,4,1,1,1,6,6,7,7,7,6,7,7,7,7,6,6,6,5,5,7,6,6,Merton
R_08wqfysu4zemllr,1,2,6,7,7,1,7,4,7,4,1,1,7,7,7,3,3,6,4,4,4,4,4,4,4,4,4,6,4,4,Merton
R_9oR5jPSS82mdI3P,1,1,7,7,7,1,6,2,6,1,4,1,7,5,3,4,1,3,3,5,7,7,5,5,4,5,6,4,5,6,Snake's Canyon
R_9EvrvU2wT65dX25,1,1,7,7,7,5,4,3,4,1,1,1,6,6,6,6,6,6,6,4,6,5,6,4,4,5,4,6,5,5,Wakefield
R_dnF2ykJrblMjCrH,1,1,7,7,7,7,4,1,2,1,1,1,1,1,1,1,1,1,1,1,1,1,1,1,1,1,1,1,1,1,Snake's Canyon
R_ezBnf29YCrBRfGB,1,1,7,7,7,5,3,3,3,2,2,1,5,6,6,6,6,6,6,6,6,5,5,6,6,6,6,7,6,5,Wakefield
R_9S9d6gqbVtkib5z,1,1,7,7,7,7,1,1,1,1,2,2,4,3,3,2,2,3,5,4,3,4,5,2,4,5,3,2,3,4,Wakefield
R_aWz16q8facAZGjX,1,1,7,7,7,4,7,4,4,4,3,1,7,2,5,3,6,5,5,4,6,4,4,5,4,3,5,6,5,3,Wakefield
R_3ZQJle80kgLQTpr,1,1,7,7,7,7,4,1,3,5,2,1,7,7,6,2,7,4,7,6,7,6,6,4,4,5,4,4,5,6,Wakefield
R_9ot9fxFrROC2rpb,5,6,5,6,5,6,6,6,2,2,2,1,5,5,5,5,5,5,5,5,5,5,5,5,5,5,5,5,5,5,Wakefield
R_29aa6F4YCW3J553,5,5,7,4,6,4,5,6,5,4,4,1,6,5,5,5,5,4,5,4,5,4,5,4,4,5,4,5,5,4,Wakefield
R_5veYSYnqogqoSYl,1,1,7,7,7,5,1,1,3,1,4,2,6,6,7,6,6,4,6,4,6,4,6,4,4,6,4,6,4,6,Wakefield
R_bI5BtXP8YV88Kix,1,2,6,7,6,2,6,4,4,2,2,1,6,6,6,6,6,6,6,6,6,6,6,6,6,6,6,6,6,6,Wakefield
R_88nuO64dxEkzZqJ,4,5,1,1,1,2,3,4,2,2,1,1,4,4,4,4,4,4,4,4,4,4,4,4,4,4,4,4,4,4,Wakefield
R_9B1V9bRFmgSL7X7,1,2,6,5,6,3,7,3,7,4,1,1,6,6,5,3,6,6,6,4,5,4,6,4,4,5,4,4,4,6,Wakefield
R_25XaApHne6hNYzz,1,1,6,7,7,5,4,2,4,2,1,1,6,5,5,5,6,5,6,6,5,5,5,5,5,4,5,6,5,5,Wakefield
R_cSUWOnNkSCXE7cx,1,1,7,7,7,7,7,4,3,1,1,2,7,6,7,5,7,4,6,4,7,4,7,7,4,4,4,4,4,4,Wakefield
R_dgN6h1UaUwBIhlb,1,1,7,7,7,7,4,1,4,1,1,1,7,6,7,6,7,6,7,7,7,7,7,7,7,6,7,7,7,7,Wakefield
R_4G9VcuHE63nn8GN,2,3,5,5,6,3,5,7,5,3,2,2,7,4,5,3,6,4,6,4,6,4,6,4,4,5,4,6,4,5,Wakefield
R_b4sW1FBP44F3FtP,1,1,7,7,7,7,1,1,1,1,3,1,7,7,7,7,7,5,6,6,6,6,6,6,6,6,6,5,6,6,Wakefield
R_4Vp1vuRPZzLu9IF,1,1,6,7,7,5,4,1,6,4,1,1,7,7,7,7,7,7,7,7,7,6,7,4,4,4,4,7,4,6,Wakefield
R_1zFWhyxD9NMvhid,1,1,7,7,7,1,7,6,6,1,1,1,6,2,5,2,3,4,7,4,5,4,6,4,4,4,4,4,4,7,Wakefield
R_cI6TgdrvPvhJxfD,1,1,7,7,7,4,4,1,4,4,2,2,6,6,6,6,6,5,5,5,5,5,5,5,4,5,5,5,5,5,Wakefield
R_eeqoeVKuUxk5yZf,1,1,6,6,6,4,6,4,1,4,1,1,5,5,5,5,5,5,5,5,5,5,5,5,5,5,5,5,5,5,Wakefield
R_e57w59sYesnWHkN,1,2,2,6,7,4,7,4,6,4,1,1,6,4,6,6,6,6,6,6,6,6,6,6,6,6,6,6,6,6,Wakefield
R_bOW5VobHNgifzCJ,1,1,7,7,7,7,3,3,3,1,1,1,7,7,7,7,7,7,7,7,7,4,7,4,4,7,4,7,4,4,Snake's Canyon
R_cIvk2Q91nTAX51X,1,2,5,6,6,6,3,6,3,4,1,3,6,6,6,3,6,6,7,5,6,4,6,4,4,3,4,7,4,5,Snake's Canyon
R_bdOnTPcO2h7yBgx,1,1,6,7,7,4,5,3,5,4,1,1,7,7,7,6,6,7,6,6,6,6,6,6,6,6,6,7,6,6,Snake's Canyon
R_8vwk4BeTQVIaEkd,1,1,7,7,7,4,1,4,1,4,6,1,6,6,6,6,6,6,6,6,6,6,6,6,6,6,6,6,6,7,Wakefield
R_0DtOM0t0XFDTwuV,1,2,7,6,7,6,3,3,3,3,5,1,6,6,5,6,6,6,6,5,5,5,5,5,4,5,4,4,5,4,Snake's Canyon
R_9vE2DAvthuscLOt,1,1,7,7,7,5,2,2,3,2,1,1,7,6,7,7,6,5,7,6,6,5,5,5,4,5,4,7,5,5,Snake's Canyon
R_5u8yUWNW97vi7Hf,1,1,7,7,7,6,2,1,2,2,1,1,6,6,6,6,5,6,6,6,6,6,6,6,6,6,6,6,6,6,Snake's Canyon
R_3z91jbSzbqv7mSN,1,1,7,7,7,7,1,1,1,1,1,1,7,7,7,7,7,7,7,7,7,7,7,7,7,7,7,7,7,7,Snake's Canyon
R_2sL45Vtg59WAxtH,7,7,7,7,7,4,5,5,3,7,2,1,7,7,7,7,7,7,7,6,7,7,7,7,7,7,7,7,6,7,Snake's Canyon
R_dpxptKvpCXIRKRf,1,7,6,7,7,5,4,5,5,4,1,1,6,6,6,6,5,4,5,4,5,4,6,6,4,5,4,4,4,4,Snake's Canyon
R_8q9HZ0w0mFFcIS1,5,3,4,5,5,6,6,4,4,4,2,2,7,6,7,6,5,5,6,5,6,5,6,6,6,5,6,7,4,5,Snake's Canyon
R_1T6yXU6zS2fvUQB,1,1,7,7,7,4,4,2,4,4,4,1,7,7,7,4,7,7,7,7,7,7,6,6,7,4,7,7,7,7,Snake's Canyon
R_8jf3W8ulcM3J8EZ,1,1,7,7,7,7,2,2,2,2,2,2,6,5,6,6,6,4,6,4,6,4,4,4,4,4,4,4,4,4,Snake's Canyon
R_79WcsRjb4kHg7Jz,1,1,7,7,7,6,2,1,3,3,1,1,7,7,7,6,7,4,4,4,4,4,4,4,4,4,4,4,4,4,Snake's Canyon
R_1KNdwsi2RiSHPLv,2,3,4,5,6,4,6,4,4,4,1,1,6,5,6,4,6,4,6,4,6,4,4,4,4,4,4,4,4,4,Snake's Canyon
R_0cY3rI7eot15Mq1,1,1,7,7,7,6,2,1,2,2,2,1,6,6,6,6,6,6,6,6,6,6,6,6,6,6,6,6,6,6,Snake's Canyon
R_0SPwgz5rwdU3X8N,1,2,6,7,7,3,5,5,2,3,4,1,6,6,6,6,6,4,6,4,6,4,4,4,4,4,4,4,4,4,Snake's Canyon
R_9XD6yO3AfxPkcRv,4,4,1,4,4,7,7,4,6,6,5,2,5,5,5,6,5,5,6,6,5,6,4,6,6,2,2,6,4,3,Wakefield
R_3kKii4xveOtHx2t,4,5,4,4,1,1,7,7,7,7,4,1,7,4,7,4,7,6,6,4,4,4,4,4,4,4,4,4,4,4,Wakefield
R_55VQcuNA6qpT1Kl,3,2,6,4,6,2,6,6,6,4,1,1,7,6,6,4,6,6,6,4,6,5,6,4,4,4,4,6,4,6,Wakefield
R_23QVXpOwmGDd3oN,6,4,4,5,7,2,7,4,6,6,1,1,6,6,6,6,6,6,6,6,6,6,6,6,6,6,6,6,6,6,Wakefield
R_bfTmsDZSAeNi9mt,NA,NA,NA,NA,NA,NA,NA,NA,NA,NA,NA,NA,NA,NA,NA,NA,NA,NA,NA,NA,NA,NA,NA,NA,NA,NA,NA,NA,NA,NA,Wakefield
R_42uoSiFrMhWNvP7,NA,NA,NA,NA,NA,NA,NA,NA,NA,NA,NA,NA,NA,NA,NA,NA,NA,NA,NA,NA,NA,NA,NA,NA,NA,NA,NA,NA,NA,NA,Wakefield
R_eFMLQI7ezgZdH6d,1,1,7,7,7,4,4,2,4,4,1,1,7,7,7,7,3,7,7,4,6,4,7,4,4,6,4,6,4,4,Snake's Canyon
R_4Z6GxxvzZCqKCDr,7,7,1,1,1,1,7,7,7,7,2,1,6,1,6,1,1,6,6,6,3,6,6,3,6,6,3,6,6,6,Snake's Canyon
R_9NaDKLuk6ttjmN7,2,3,4,5,6,4,5,4,4,4,2,2,6,7,7,6,6,6,6,4,6,5,6,6,6,6,5,6,4,5,Merton
R_6gkdDd4lqLwBy7z,1,1,7,7,7,4,4,1,4,4,NA,NA,NA,NA,NA,NA,NA,NA,NA,NA,NA,NA,NA,NA,NA,NA,NA,NA,NA,NA,Wakefield
R_6eNZgSFT8lEVQJ7,2,2,5,6,7,6,1,1,1,2,5,1,5,7,7,7,7,2,1,2,6,6,5,4,5,3,2,1,3,3,Merton
R_e35raNcApMqCee9,4,6,3,4,3,6,6,6,6,6,6,4,NA,NA,NA,NA,NA,NA,NA,NA,NA,NA,NA,NA,NA,NA,NA,NA,NA,NA,Merton
R_bvzWjkNUiglCKwZ,1,1,7,7,7,5,3,3,2,3,NA,NA,NA,NA,NA,NA,NA,NA,NA,NA,NA,NA,NA,NA,NA,NA,NA,NA,NA,NA,Merton
R_cApIHBFxSPK5jff,NA,NA,NA,NA,NA,NA,NA,NA,NA,NA,NA,NA,NA,NA,NA,NA,NA,NA,NA,NA,NA,NA,NA,NA,NA,NA,NA,NA,NA,NA,Merton
R_dgp3zOAZdD1TFTD,NA,NA,NA,NA,NA,NA,NA,NA,NA,NA,NA,NA,NA,NA,NA,NA,NA,NA,NA,NA,NA,NA,NA,NA,NA,NA,NA,NA,NA,NA,Merton
R_1YX5Hbb9cbhu68d,NA,NA,NA,NA,NA,NA,NA,NA,NA,NA,NA,NA,NA,NA,NA,NA,NA,NA,NA,NA,NA,NA,NA,NA,NA,NA,NA,NA,NA,NA,Merton
R_efc9i2bigMxsMqp,1,1,7,7,7,4,4,4,4,2,4,1,6,6,6,6,6,6,6,6,6,6,6,6,6,6,6,6,6,6,Snake's Canyon
R_b1m6QTdsxLTA3U9,2,2,5,6,7,5,4,2,4,3,1,1,7,7,6,6,6,6,6,5,6,5,6,5,5,5,5,6,5,6,Merton
R_a5Ayw2tuCGsxQDr,1,1,7,7,7,7,1,1,1,1,1,1,7,7,7,7,6,4,6,4,6,4,6,5,4,6,6,4,6,6,Merton
R_cIaugISHJBB2Xt3,NA,NA,NA,NA,NA,NA,NA,NA,NA,NA,NA,NA,NA,NA,NA,NA,NA,NA,NA,NA,NA,NA,NA,NA,NA,NA,NA,NA,NA,NA,Merton
R_1Odu0R0zrn4h3Ol,2,2,6,7,6,4,4,4,4,4,2,2,7,4,6,4,6,6,7,6,5,7,6,6,4,5,6,7,6,7,Snake's Canyon
R_4GSFM1JANIi4stv,1,1,7,7,7,4,3,1,2,3,2,2,7,5,6,6,6,4,6,4,4,4,6,4,6,4,4,6,4,3,Snake's Canyon
R_8tOCRfrnOPr5Cn3,NA,NA,NA,NA,NA,NA,NA,NA,NA,NA,NA,NA,NA,NA,NA,NA,NA,NA,NA,NA,NA,NA,NA,NA,NA,NA,NA,NA,NA,NA,Merton
R_2i9Goz9vlrosGfb,1,2,6,7,7,5,3,2,2,4,2,3,7,5,4,5,3,6,6,6,6,5,6,5,5,6,6,6,6,6,Snake's Canyon
R_6KZ7IBIe3vCMAsZ,1,1,6,7,7,4,6,5,5,5,1,1,7,6,4,5,7,7,6,5,6,4,5,4,4,4,4,4,4,4,Snake's Canyon
R_8GhnJl7w95v1feJ,3,2,5,6,3,1,6,6,6,5,2,1,6,4,6,6,6,6,6,6,6,6,6,6,6,6,6,6,6,6,Merton
R_9Hs47xt7JrZVCCx,1,1,7,7,7,7,3,1,2,2,2,1,6,6,4,5,5,6,6,4,5,4,6,4,4,4,4,6,4,6,Merton
R_9YyrpjxQaAI2OVf,1,1,7,7,7,4,4,4,4,4,1,1,7,7,7,7,7,4,7,4,7,4,4,4,4,4,4,4,4,4,Wakefield
R_2bGlgMJCw2V9CUB,2,2,5,6,6,6,6,4,6,6,1,1,5,4,4,3,4,5,5,4,5,4,5,4,4,4,4,5,4,5,Wakefield
R_9MHiKGqzBmucGBT,1,1,7,7,7,6,3,2,4,3,1,2,7,7,6,7,7,6,7,6,7,7,7,4,4,5,6,7,6,6,Merton
R_0cjl5x5lzmlJbEh,2,4,7,7,7,6,3,2,3,1,6,4,4,5,7,6,4,6,7,6,5,4,6,5,7,6,5,6,6,3,Wakefield
R_eMe4f9pKF0b3o0t,1,1,7,7,7,7,1,1,1,1,1,1,7,7,7,7,7,7,7,7,7,7,7,7,7,7,7,7,7,7,Wakefield
R_cZwB6suH4DsPuNT,1,1,7,7,7,2,6,2,6,2,1,1,7,6,7,5,5,7,7,4,4,4,4,4,4,7,4,4,4,7,Wakefield
R_3fpuD3ZUEmSlkNL,1,1,7,7,7,4,4,4,4,4,4,1,7,7,6,6,6,6,6,6,6,6,6,6,5,6,6,6,6,6,Wakefield
R_6Ee7DgdJwODqHZ3,5,4,4,4,4,3,5,4,4,4,1,1,5,5,5,5,5,5,5,4,5,4,4,5,5,4,4,5,5,4,Merton
R_9BRqZ1grGmqcdeZ,1,1,7,7,7,5,4,2,5,4,3,1,7,6,5,6,3,4,5,4,6,4,4,4,4,2,4,4,4,4,Wakefield
R_0V8CgbmzrPTjny5,1,1,7,7,7,6,2,2,2,2,2,1,6,5,7,7,6,6,6,6,6,6,6,6,4,6,6,6,5,6,Snake's Canyon
R_a4B7NNiWk89PgS9,4,3,2,3,3,1,3,3,2,2,6,5,5,5,5,6,5,6,4,6,5,6,6,4,5,5,4,4,6,6,Snake's Canyon
R_0js7eEDj2sASznD,2,4,5,5,6,5,4,4,5,3,3,2,5,3,5,5,4,4,5,5,5,5,5,5,5,4,5,3,5,4,Snake's Canyon
R_0OL8FcTD6VziCy1,1,2,7,6,7,7,6,4,2,5,1,1,6,7,5,5,6,6,6,7,7,6,5,5,7,6,7,6,7,5,Merton
R_bwlL0PMDL3ITVPL,6,2,6,6,6,5,5,3,6,2,1,1,6,5,6,5,5,5,6,5,5,5,4,5,5,4,6,6,5,4,Merton
R_4NGXHYUAMfdwkgR,1,1,4,7,4,3,4,2,5,4,1,1,7,6,7,5,7,6,6,4,7,5,6,7,4,5,4,7,5,6,Merton
R_eDuYpILTHAO4PUV,1,1,6,7,7,4,4,4,6,6,4,1,7,7,6,6,7,4,6,4,4,4,6,4,4,6,4,4,4,4,Wakefield
R_8BWkYbXzR8QRUtn,1,4,5,7,7,4,7,5,6,5,1,1,7,7,7,5,7,6,7,4,7,4,7,4,4,5,4,7,4,5,Snake's Canyon
R_38fPeRQJfa02WmF,1,2,6,6,7,4,2,3,2,6,3,1,7,3,4,2,5,5,7,4,4,4,4,4,4,4,4,4,4,4,Wakefield
R_b4qd83cZRT61vDL,1,1,6,7,7,1,7,2,7,4,1,1,7,6,7,6,7,6,7,7,6,6,7,7,6,6,7,7,7,7,Wakefield
R_8d0326nm3Hj7hMp,1,1,7,7,7,6,4,1,3,4,1,1,6,6,6,6,6,6,6,4,6,4,4,4,4,5,4,7,4,6,Wakefield
R_6VTPKFTIFU13Det,1,1,7,7,7,5,3,7,3,2,1,1,7,5,3,5,5,7,6,4,7,4,6,5,3,4,6,4,4,4,Wakefield
R_eKi3nvoeA7cUsEl,1,2,5,7,7,2,6,4,6,4,1,2,7,7,7,6,6,5,6,5,6,5,6,5,5,5,4,5,5,4,Snake's Canyon
R_e5MGLVlpiOwEqyN,1,2,6,6,6,2,4,4,7,1,1,1,6,5,3,3,6,6,6,4,6,4,4,4,4,5,4,5,4,6,Wakefield
R_2hMgH4e1qcO8y1L,1,3,5,5,7,4,5,2,4,4,2,2,7,6,6,6,7,6,6,6,6,5,7,6,6,5,6,7,6,6,Wakefield
R_0lk1treE4813mkJ,1,3,5,6,7,4,6,2,4,4,3,1,6,6,6,5,5,5,7,4,5,4,4,4,4,4,4,5,4,3,Wakefield
R_bsEqwRmR1ebZm0R,3,4,5,6,6,3,6,5,5,5,4,1,6,6,6,5,3,4,4,4,5,5,5,4,4,3,4,5,4,4,Wakefield
R_9ttmoQd3nPl1EPP,6,6,4,6,3,3,2,4,2,4,NA,NA,NA,NA,NA,NA,NA,NA,NA,NA,NA,NA,NA,NA,NA,NA,NA,NA,NA,NA,Wakefield
R_e5TSmKT2YHHfHMN,NA,NA,NA,NA,NA,NA,NA,NA,NA,NA,NA,NA,NA,NA,NA,NA,NA,NA,NA,NA,NA,NA,NA,NA,NA,NA,NA,NA,NA,NA,Wakefield
R_6o2iRXIu2RVQaKV,NA,NA,NA,NA,NA,NA,NA,NA,NA,NA,NA,NA,NA,NA,NA,NA,NA,NA,NA,NA,NA,NA,NA,NA,NA,NA,NA,NA,NA,NA,Wakefield
R_9Nsqh2073UsMU3X,7,1,7,7,7,7,1,1,1,1,1,1,6,4,6,4,6,6,6,6,6,6,6,6,6,6,6,6,6,6,Wakefield
R_3rV7atiXgHeasxT,1,2,4,7,7,4,4,1,4,4,1,2,7,7,7,7,6,7,6,4,4,4,4,4,4,4,4,6,4,4,Wakefield
R_eVs8LtmuXh0LIqN,NA,NA,NA,NA,NA,NA,NA,NA,NA,NA,NA,NA,NA,NA,NA,NA,NA,NA,NA,NA,NA,NA,NA,NA,NA,NA,NA,NA,NA,NA,Wakefield
R_9ufPBDDhEkRyZxz,NA,NA,NA,NA,NA,NA,NA,NA,NA,NA,NA,NA,NA,NA,NA,NA,NA,NA,NA,NA,NA,NA,NA,NA,NA,NA,NA,NA,NA,NA,Wakefield
R_3z0AkXetopCcRWl,NA,NA,NA,NA,NA,NA,NA,NA,NA,NA,NA,NA,NA,NA,NA,NA,NA,NA,NA,NA,NA,NA,NA,NA,NA,NA,NA,NA,NA,NA,Wakefield
R_ezABmnssU5xBBLn,1,1,7,7,7,5,4,1,4,4,3,1,7,6,6,6,6,6,6,5,6,6,5,5,6,6,5,5,6,6,Merton
R_8bPowhhPP6hWdXn,NA,NA,NA,NA,NA,NA,NA,NA,NA,NA,NA,NA,NA,NA,NA,NA,NA,NA,NA,NA,NA,NA,NA,NA,NA,NA,NA,NA,NA,NA,Wakefield
R_06tmZQgv9vvX5lP,NA,NA,NA,NA,NA,NA,NA,NA,NA,NA,NA,NA,NA,NA,NA,NA,NA,NA,NA,NA,NA,NA,NA,NA,NA,NA,NA,NA,NA,NA,Wakefield
R_aiapC2HgI1hzBop,NA,NA,NA,NA,NA,NA,NA,NA,NA,NA,NA,NA,NA,NA,NA,NA,NA,NA,NA,NA,NA,NA,NA,NA,NA,NA,NA,NA,NA,NA,Wakefield
R_1ThOSxf9HZNgz2t,1,1,7,7,7,4,5,4,4,1,1,1,7,3,4,3,7,4,4,4,4,6,4,4,4,5,4,6,4,4,Merton
R_8c9UaY6hwY0vdcN,NA,NA,NA,NA,NA,NA,NA,NA,NA,NA,NA,NA,NA,NA,NA,NA,NA,NA,NA,NA,NA,NA,NA,NA,NA,NA,NA,NA,NA,NA,Wakefield
R_81vyhHvK1I18lil,NA,NA,NA,NA,NA,NA,NA,NA,NA,NA,NA,NA,NA,NA,NA,NA,NA,NA,NA,NA,NA,NA,NA,NA,NA,NA,NA,NA,NA,NA,Wakefield
R_bvzyxugvPBmIr9r,2,3,3,3,1,3,6,5,3,2,1,1,6,3,6,6,6,6,6,6,6,6,6,6,6,6,6,6,6,6,Snake's Canyon
R_3JhtoPBjga75g2h,1,1,7,7,7,4,4,1,4,4,1,1,7,6,6,6,6,6,6,5,6,4,6,4,4,5,4,6,4,5,Merton
R_2o5e8cD4haLKVRr,2,2,6,6,6,4,4,4,6,4,1,1,7,4,6,4,6,5,5,4,4,4,4,4,4,3,4,6,4,5,Merton
R_bjyn4A4VtusbAXj,1,2,4,7,7,1,7,4,7,7,1,1,7,6,6,3,6,6,6,6,6,6,6,6,6,6,6,5,6,6,Snake's Canyon
R_8AlNWSZgzMvahUx,1,1,7,4,7,4,4,4,4,4,4,4,4,4,4,4,4,4,4,4,4,4,4,4,4,4,4,4,4,4,Merton
R_cVj80IH6TLhMoPH,NA,NA,NA,NA,NA,NA,NA,NA,NA,NA,NA,NA,NA,NA,NA,NA,NA,NA,NA,NA,NA,NA,NA,NA,NA,NA,NA,NA,NA,NA,Wakefield
R_3siCw2gq29kAFG5,1,1,4,7,7,3,7,7,7,7,1,1,7,1,3,1,6,4,6,4,6,4,4,4,4,3,4,6,4,4,Merton
R_7VBs1EbDLl1pr01,NA,NA,NA,NA,NA,NA,NA,NA,NA,NA,NA,NA,NA,NA,NA,NA,NA,NA,NA,NA,NA,NA,NA,NA,NA,NA,NA,NA,NA,NA,Wakefield
R_cZmSdoU6jrXZsjz,NA,NA,NA,NA,NA,NA,NA,NA,NA,NA,NA,NA,NA,NA,NA,NA,NA,NA,NA,NA,NA,NA,NA,NA,NA,NA,NA,NA,NA,NA,Wakefield
R_e4FAFgBbIn9jemN,NA,NA,NA,NA,NA,NA,NA,NA,NA,NA,NA,NA,NA,NA,NA,NA,NA,NA,NA,NA,NA,NA,NA,NA,NA,NA,NA,NA,NA,NA,Wakefield
R_0fxBmypnzjTdNaZ,1,1,7,7,7,1,6,4,7,4,5,2,7,5,5,5,6,2,5,4,5,4,4,4,4,3,4,6,4,6,Merton
R_eUIVcAU8Iu1EXyt,1,1,6,7,7,6,2,2,2,2,1,1,7,7,7,7,7,7,7,7,7,4,7,4,4,7,4,7,4,6,Snake's Canyon
R_bpEh8QNophrdQpf,NA,NA,NA,NA,NA,NA,NA,NA,NA,NA,NA,NA,NA,NA,NA,NA,NA,NA,NA,NA,NA,NA,NA,NA,NA,NA,NA,NA,NA,NA,Wakefield
R_6QXULii8QxJv5LD,1,2,7,6,7,4,4,4,4,4,2,1,6,5,5,4,3,4,4,4,4,4,4,4,4,3,4,5,4,4,Merton
R_bDwWmxa9LJvmP6R,1,1,7,7,7,5,2,2,2,4,2,3,7,6,6,6,6,6,6,4,6,4,6,6,4,6,6,6,4,6,Snake's Canyon
R_a2IScql8UwJNfMN,NA,NA,NA,NA,NA,NA,NA,NA,NA,NA,NA,NA,NA,NA,NA,NA,NA,NA,NA,NA,NA,NA,NA,NA,NA,NA,NA,NA,NA,NA,Wakefield
R_1OeJux311kBerAh,NA,NA,NA,NA,NA,NA,NA,NA,NA,NA,NA,NA,NA,NA,NA,NA,NA,NA,NA,NA,NA,NA,NA,NA,NA,NA,NA,NA,NA,NA,Wakefield
R_0iivQ7sHMQ16h4V,2,3,6,6,4,5,5,4,4,3,2,1,6,6,6,6,6,4,6,4,4,4,4,4,4,6,4,4,5,4,Merton
R_ei0knkoaWfnweoZ,NA,NA,NA,NA,NA,NA,NA,NA,NA,NA,NA,NA,NA,NA,NA,NA,NA,NA,NA,NA,NA,NA,NA,NA,NA,NA,NA,NA,NA,NA,Wakefield
R_esQEvP14G6FfrRX,1,1,7,7,7,6,2,1,2,2,1,1,NA,NA,NA,NA,NA,NA,NA,NA,NA,NA,NA,NA,NA,NA,NA,NA,NA,NA,Merton
R_abliggEX71xsK1f,2,2,6,6,7,3,6,4,4,2,NA,NA,NA,NA,NA,NA,NA,NA,NA,NA,NA,NA,NA,NA,NA,NA,NA,NA,NA,NA,Merton
R_4SCCrVssoWVcTzf,NA,NA,NA,NA,NA,NA,NA,NA,NA,NA,NA,NA,NA,NA,NA,NA,NA,NA,NA,NA,NA,NA,NA,NA,NA,NA,NA,NA,NA,NA,Wakefield
R_0AtXc1nEHL6J2a9,2,1,6,7,7,4,4,4,4,2,2,3,6,6,4,4,6,6,6,6,6,4,6,4,4,4,4,6,4,6,Snake's Canyon
R_bdA1gZVvtjjP1yt,NA,NA,NA,NA,NA,NA,NA,NA,NA,NA,NA,NA,NA,NA,NA,NA,NA,NA,NA,NA,NA,NA,NA,NA,NA,NA,NA,NA,NA,NA,Merton
R_86LvM9D0MbBmzeB,NA,NA,NA,NA,NA,NA,NA,NA,NA,NA,NA,NA,NA,NA,NA,NA,NA,NA,NA,NA,NA,NA,NA,NA,NA,NA,NA,NA,NA,NA,Merton
R_9LJsKhsiWHsuLnn,NA,NA,NA,NA,NA,NA,NA,NA,NA,NA,NA,NA,NA,NA,NA,NA,NA,NA,NA,NA,NA,NA,NA,NA,NA,NA,NA,NA,NA,NA,Wakefield
R_bNLUyT5Zqcggahf,NA,NA,NA,NA,NA,NA,NA,NA,NA,NA,NA,NA,NA,NA,NA,NA,NA,NA,NA,NA,NA,NA,NA,NA,NA,NA,NA,NA,NA,NA,Wakefield
R_ctOH5MeHE99ObQN,1,1,7,7,7,4,4,1,5,2,2,1,7,7,7,7,1,7,7,7,7,7,7,7,7,7,7,7,7,7,Snake's Canyon
R_9AoFS4yp7Gzo2Zn,NA,NA,NA,NA,NA,NA,NA,NA,NA,NA,NA,NA,NA,NA,NA,NA,NA,NA,NA,NA,NA,NA,NA,NA,NA,NA,NA,NA,NA,NA,Merton
R_8k2YbbWisKpdrHn,NA,NA,NA,NA,NA,NA,NA,NA,NA,NA,NA,NA,NA,NA,NA,NA,NA,NA,NA,NA,NA,NA,NA,NA,NA,NA,NA,NA,NA,NA,Wakefield
R_0CiOxq8X0HB2Up7,NA,NA,NA,NA,NA,NA,NA,NA,NA,NA,NA,NA,NA,NA,NA,NA,NA,NA,NA,NA,NA,NA,NA,NA,NA,NA,NA,NA,NA,NA,Wakefield
R_6ePCH6RhD85GtaR,1,1,7,7,7,4,4,1,4,7,3,2,6,7,7,7,7,6,7,7,6,7,7,7,7,4,7,6,7,6,Snake's Canyon
R_6GzBgZAB51UqzTD,NA,NA,NA,NA,NA,NA,NA,NA,NA,NA,NA,NA,NA,NA,NA,NA,NA,NA,NA,NA,NA,NA,NA,NA,NA,NA,NA,NA,NA,NA,Merton
R_3IBLa58HlgcOaC9,1,2,6,7,7,3,5,3,6,4,2,1,7,7,7,4,3,6,7,7,6,7,6,7,7,5,7,7,6,7,Snake's Canyon
R_5zfIMpbziAYTGK1,NA,NA,NA,NA,NA,NA,NA,NA,NA,NA,NA,NA,NA,NA,NA,NA,NA,NA,NA,NA,NA,NA,NA,NA,NA,NA,NA,NA,NA,NA,Wakefield
R_1LxUAkfaR4RdYIl,NA,NA,NA,NA,NA,NA,NA,NA,NA,NA,NA,NA,NA,NA,NA,NA,NA,NA,NA,NA,NA,NA,NA,NA,NA,NA,NA,NA,NA,NA,Wakefield
R_eL1IUekOS8JPihT,NA,NA,NA,NA,NA,NA,NA,NA,NA,NA,NA,NA,NA,NA,NA,NA,NA,NA,NA,NA,NA,NA,NA,NA,NA,NA,NA,NA,NA,NA,Wakefield
R_2fzJgvlRbwNoIp7,1,1,7,7,7,7,2,1,2,2,2,1,7,7,7,7,7,7,7,7,7,7,7,7,7,7,7,7,7,7,Snake's Canyon
R_4Udz5JomR17evQx,NA,NA,NA,NA,NA,NA,NA,NA,NA,NA,NA,NA,NA,NA,NA,NA,NA,NA,NA,NA,NA,NA,NA,NA,NA,NA,NA,NA,NA,NA,Wakefield
R_cT6gJKicRCjRLeJ,2,2,4,6,6,5,4,2,4,4,1,1,7,7,7,7,6,6,7,4,7,4,7,4,4,4,4,7,4,4,Snake's Canyon
R_0k2Vq1XmuvQHcLX,NA,NA,NA,NA,NA,NA,NA,NA,NA,NA,NA,NA,NA,NA,NA,NA,NA,NA,NA,NA,NA,NA,NA,NA,NA,NA,NA,NA,NA,NA,Merton
R_4IOZTchfkhLvk2N,NA,NA,NA,NA,NA,NA,NA,NA,NA,NA,NA,NA,NA,NA,NA,NA,NA,NA,NA,NA,NA,NA,NA,NA,NA,NA,NA,NA,NA,NA,Wakefield
R_6nZbYyXVREWbw3j,NA,NA,NA,NA,NA,NA,NA,NA,NA,NA,NA,NA,NA,NA,NA,NA,NA,NA,NA,NA,NA,NA,NA,NA,NA,NA,NA,NA,NA,NA,Merton
R_9Hoc3sur68XP4Oh,NA,NA,NA,NA,NA,NA,NA,NA,NA,NA,NA,NA,NA,NA,NA,NA,NA,NA,NA,NA,NA,NA,NA,NA,NA,NA,NA,NA,NA,NA,Wakefield
R_3EO37WRImqO7pw9,NA,NA,NA,NA,NA,NA,NA,NA,NA,NA,NA,NA,NA,NA,NA,NA,NA,NA,NA,NA,NA,NA,NA,NA,NA,NA,NA,NA,NA,NA,Merton
R_8AZmph6RAoWXpaZ,NA,NA,NA,NA,NA,NA,NA,NA,NA,NA,NA,NA,NA,NA,NA,NA,NA,NA,NA,NA,NA,NA,NA,NA,NA,NA,NA,NA,NA,NA,Wakefield
R_3aPWh48AGPYvdKl,NA,NA,NA,NA,NA,NA,NA,NA,NA,NA,NA,NA,NA,NA,NA,NA,NA,NA,NA,NA,NA,NA,NA,NA,NA,NA,NA,NA,NA,NA,Wakefield
R_0SNDhMjqbE4OGlD,NA,NA,NA,NA,NA,NA,NA,NA,NA,NA,NA,NA,NA,NA,NA,NA,NA,NA,NA,NA,NA,NA,NA,NA,NA,NA,NA,NA,NA,NA,Merton
R_03dW1aWEn2511at,1,1,7,7,7,1,6,4,6,2,4,1,7,3,6,4,6,4,6,4,4,4,5,4,4,3,4,4,4,4,Snake's Canyon
R_1BxC19hc2W9gzPv,NA,NA,NA,NA,NA,NA,NA,NA,NA,NA,NA,NA,NA,NA,NA,NA,NA,NA,NA,NA,NA,NA,NA,NA,NA,NA,NA,NA,NA,NA,Merton
R_7WztaNBnwPkys2p,NA,NA,NA,NA,NA,NA,NA,NA,NA,NA,NA,NA,NA,NA,NA,NA,NA,NA,NA,NA,NA,NA,NA,NA,NA,NA,NA,NA,NA,NA,Wakefield
R_2hrKuRbju36RSlf,NA,NA,NA,NA,NA,NA,NA,NA,NA,NA,NA,NA,NA,NA,NA,NA,NA,NA,NA,NA,NA,NA,NA,NA,NA,NA,NA,NA,NA,NA,Merton
R_abIo1HcgNWA5ILH,NA,NA,NA,NA,NA,NA,NA,NA,NA,NA,NA,NA,NA,NA,NA,NA,NA,NA,NA,NA,NA,NA,NA,NA,NA,NA,NA,NA,NA,NA,Wakefield
R_a3lgXVVZMc2zgBn,NA,NA,NA,NA,NA,NA,NA,NA,NA,NA,NA,NA,NA,NA,NA,NA,NA,NA,NA,NA,NA,NA,NA,NA,NA,NA,NA,NA,NA,NA,Wakefield
R_0wGyQzmmNlmbD8x,NA,NA,NA,NA,NA,NA,NA,NA,NA,NA,NA,NA,NA,NA,NA,NA,NA,NA,NA,NA,NA,NA,NA,NA,NA,NA,NA,NA,NA,NA,Merton
R_bmgv3k6bsZ7jy4t,1,1,4,7,7,6,4,2,2,2,1,1,7,6,6,6,5,4,5,4,4,4,4,4,4,4,4,4,4,4,Snake's Canyon
R_08s47FCbqW4ZsjP,1,1,7,7,7,5,3,1,2,1,1,1,7,7,7,7,7,6,7,6,7,6,7,6,4,6,5,7,4,7,Snake's Canyon
R_2l3lhElcqe05YjP,1,1,7,7,7,1,7,4,7,4,4,2,7,6,7,5,7,6,6,4,6,4,7,4,4,4,4,4,4,4,Snake's Canyon
R_6Kj30gczKwjZxzf,1,1,4,6,7,4,7,3,7,3,2,1,NA,NA,NA,NA,NA,NA,NA,NA,NA,NA,NA,NA,NA,NA,NA,NA,NA,NA,Merton
